	Actual value	Predicted value
0	1	1
1	0	1
2	0	0
3	1	1
4	1	0
5	1	1
6	1	1
7	1	1
8	1	1
9	1	1
10	1	1
11	0	0
12	1	1
13	0	0
14	1	1
15	1	0
16	1	1
17	0	0
18	1	1
19	1	1
20	0	0
21	0	1
22	0	0
23	0	0
24	1	1
25	1	1
26	1	1
27	1	1
28	1	1
29	1	1
30	1	1
31	1	0
32	1	0
33	0	1
34	0	0
35	1	1
36	1	0
37	0	1
38	0	0
39	1	1
40	0	0
41	1	1
42	1	1
43	0	0
44	0	0
45	0	0
46	0	0
47	0	0
48	0	0
49	0	0
50	1	1
51	0	0
52	1	1
53	1	1
54	1	1
55	1	1
56	1	1
57	0	0
58	0	0
59	0	0
60	1	1
61	1	1
62	1	1
63	1	1
64	1	1
65	0	1
66	0	0
67	1	0
68	0	0
69	0	0
70	0	0
71	0	0
72	1	1
73	1	1
74	1	1
75	0	0
76	1	0
77	1	1
78	1	1
79	1	1
80	0	0
81	0	0
82	1	1
83	1	1
84	1	1
85	1	0
86	1	1
87	0	0
88	1	1
89	0	0
90	1	1
91	1	1
92	0	0
93	0	0
94	1	1
95	1	1
96	1	0
97	1	1
98	0	1
99	0	0
100	1	1
101	1	1
102	0	1
103	1	1
104	1	1
105	0	0
106	1	1
107	1	1
108	1	0
109	0	0
110	0	1
111	0	0
112	0	1
113	1	1
114	1	1
115	0	1
116	1	1
117	0	0
118	1	0
119	0	0
120	0	1
121	1	1
122	1	1
123	1	1
124	1	0
125	1	1
126	1	1
127	0	0
128	1	1
129	1	1
130	0	0
131	1	1
132	0	0
133	1	1
134	1	0
135	0	1
136	0	1
137	0	0
138	1	1
139	1	0
140	1	1
141	1	1
142	0	1
143	0	0
144	1	1
145	1	0
146	1	1
147	1	1
148	1	1
149	1	1
150	1	1
151	0	0
152	1	0
153	1	1
154	1	1
155	1	0
156	0	0
157	1	1
158	1	1
159	0	1
160	1	1
161	1	1
162	1	1
163	0	0
164	1	1
165	1	1
166	0	0
167	1	1
168	1	1
169	0	0
170	1	1
171	0	0
172	0	0
173	1	1
174	1	1
175	1	0
176	0	0
177	0	0
178	0	0
179	1	1
180	1	1
181	0	0
182	1	1
183	0	0
184	1	1
185	1	1
186	1	1
187	0	0
188	0	0
189	1	1
190	1	1
191	1	1
192	1	1
193	1	1
194	0	1
195	1	1
196	1	0
197	1	0
198	1	1
199	1	0
200	1	1
201	1	1
202	0	0
203	0	0
204	1	1
205	1	1
206	0	0
207	0	0
208	1	1
209	0	0
210	0	0
211	0	0
212	1	1
213	1	1
214	0	0
215	0	1
216	1	1
217	1	1
218	1	0
219	0	1
220	1	1
221	1	1
222	0	0
223	1	1
224	0	0
225	1	1
226	0	1
227	0	0
228	1	1
229	1	1
230	1	1
231	0	1
232	0	0
233	1	1
234	1	1
235	1	0
236	1	1
237	0	0
238	0	1
239	0	0
240	1	0
241	0	1
242	0	0
243	0	0
244	0	1
245	0	0
246	0	0
247	1	1
248	1	1
249	1	1
250	0	0
251	0	1
252	1	1
253	0	0
254	0	0
255	1	0
256	0	1
257	0	1
258	0	0
259	0	0
260	1	1
261	1	1
262	1	1
263	0	1
264	0	0
265	1	0
266	0	0
267	0	0
268	0	0
269	1	1
270	0	0
271	1	1
272	0	0
273	1	0
274	0	1
275	1	1
276	0	0
277	0	0
278	1	0
279	1	1
280	1	1
281	1	1
282	0	0
283	1	0
284	1	1
285	1	0
286	1	1
287	0	0
288	1	1
289	0	0
290	0	0
291	1	1
292	0	0
293	1	1
294	0	0
295	0	0
296	0	0
297	1	1
298	0	0
299	1	1
300	0	0
301	1	1
302	1	1
303	1	0
304	1	1
305	1	1
306	1	1
307	1	1
308	1	1
309	0	0
310	1	1
311	1	0
312	1	1
313	1	1
314	0	0
315	1	0
316	0	0
317	1	1
318	0	1
319	0	0
320	1	1
321	0	0
322	1	1
323	0	0
324	0	1
325	0	1
326	1	1
327	1	1
328	1	1
329	0	0
330	0	0
331	1	1
332	0	0
333	0	1
334	0	0
335	0	1
336	1	1
337	0	0
338	0	0
339	0	1
340	1	1
341	1	1
342	0	0
343	1	1
344	0	0
345	1	0
346	1	1
347	1	1
348	0	0
349	0	0
350	1	1
351	1	1
352	0	0
353	0	0
354	0	0
355	1	1
356	0	1
357	0	0
358	0	1
359	1	0
360	0	1
361	1	1
362	1	1
363	1	1
364	0	0
365	0	0
366	1	1
367	1	0
368	1	1
369	0	1
370	1	1
371	1	0
372	0	0
373	0	0
374	0	0
375	1	1
376	1	1
377	1	1
378	0	0
379	1	1
380	0	0
381	1	1
382	0	1
383	0	1
384	0	0
385	1	1
386	0	0
387	1	1
388	1	0
389	1	1
390	1	1
391	1	1
392	1	1
393	0	0
394	0	0
395	1	1
396	1	0
397	1	1
398	1	0
399	1	0
400	1	1
401	1	1
402	1	0
403	0	1
404	1	1
405	1	1
406	0	1
407	0	0
408	1	1
409	1	0
410	0	0
411	1	1
412	0	0
413	1	1
414	1	1
415	1	1
416	1	1
417	1	1
418	1	0
419	1	1
420	0	1
421	1	1
422	1	1
423	1	1
424	0	0
425	0	0
426	1	1
427	1	1
428	1	0
429	0	0
430	1	1
431	0	0
432	1	1
433	1	1
434	0	0
435	1	0
436	0	0
437	1	1
438	1	0
439	0	0
440	1	1
441	1	1
442	1	1
443	1	1
444	1	0
445	1	0
446	0	0
447	1	1
448	1	0
449	0	0
450	0	0
451	1	1
452	0	1
453	1	1
454	1	1
455	0	0
456	0	0
457	1	1
458	0	0
459	0	0
460	1	1
461	1	0
462	1	1
463	0	1
464	0	0
465	1	1
466	1	1
467	0	1
468	0	0
469	1	1
470	1	0
471	0	0
472	0	1
473	1	1
474	1	1
475	0	1
476	1	0
477	1	0
478	1	1
479	0	0
480	1	1
481	1	1
482	1	1
483	1	1
484	1	0
485	1	1
486	0	0
487	0	0
488	1	1
489	1	1
490	1	0
491	1	1
492	0	0
493	0	0
494	0	1
495	0	1
496	0	0
497	1	1
498	1	1
499	0	0
500	1	0
501	1	1
502	0	1
503	1	1
504	1	1
505	1	1
506	0	1
507	1	1
508	1	1
509	1	1
510	1	0
511	1	1
512	1	1
513	1	1
514	0	1
515	0	0
516	1	1
517	0	0
518	0	0
519	1	1
520	0	0
521	0	1
522	1	1
523	1	1
524	0	0
525	0	0
526	1	1
527	1	1
528	1	1
529	1	1
530	1	1
531	1	1
532	1	1
533	0	1
534	0	0
535	0	1
536	0	0
537	0	0
538	0	1
539	1	1
540	0	0
541	1	1
542	1	1
543	1	1
544	0	1
545	1	1
546	1	1
547	1	1
548	1	1
549	1	1
550	1	0
551	1	1
552	1	1
553	0	0
554	1	1
555	0	0
556	0	0
557	1	1
558	1	1
559	1	0
560	1	1
561	0	1
562	1	0
563	1	1
564	1	1
565	1	1
566	1	1
567	1	1
568	1	1
569	1	1
570	1	1
571	1	1
572	1	1
573	0	1
574	1	1
575	0	0
576	1	1
577	1	1
578	0	1
579	0	0
580	1	1
581	1	0
582	1	1
583	1	1
584	0	1
585	0	0
586	1	1
587	1	1
588	0	0
589	1	1
590	1	1
591	0	0
592	0	0
593	1	1
594	1	1
595	0	0
596	1	1
597	1	0
598	0	1
599	1	1
600	0	0
601	0	0
602	1	1
603	1	1
604	0	0
605	1	1
606	0	0
607	1	0
608	1	1
609	1	0
610	1	0
611	0	0
612	1	1
613	0	0
614	1	1
615	1	1
616	0	0
617	1	0
618	1	0
619	0	0
620	0	0
621	0	0
622	0	0
623	1	1
624	1	1
625	1	1
626	1	1
627	1	1
628	1	0
629	0	0
630	1	1
631	1	1
632	0	0
633	1	1
634	1	1
635	0	0
636	1	1
637	1	1
638	0	0
639	1	1
640	1	0
641	0	0
642	1	1
643	0	0
644	0	0
645	0	0
646	1	1
647	0	0
648	1	1
649	1	1
650	1	1
651	1	1
652	1	1
653	0	0
654	0	1
655	0	0
656	1	1
657	1	1
658	1	0
659	0	0
660	1	0
661	1	1
662	0	0
663	1	1
664	0	0
665	1	1
666	0	0
667	0	1
668	1	1
669	1	1
670	1	1
671	1	1
672	1	0
673	0	0
674	1	1
675	1	1
676	1	1
677	1	1
678	0	0
679	1	1
680	0	1
681	1	1
682	0	0
683	1	1
684	0	1
685	1	1
686	0	1
687	1	1
688	1	1
689	0	0
690	0	1
691	0	0
692	1	1
693	1	1
694	1	1
695	0	0
696	1	1
697	0	0
698	1	1
699	1	0
700	1	1
701	1	0
702	0	0
703	1	1
704	0	0
705	1	1
706	0	0
707	0	1
708	0	0
709	1	1
710	1	1
711	1	1
712	0	0
713	1	1
714	0	1
715	0	1
716	1	1
717	1	1
718	1	1
719	1	1
720	0	0
721	1	0
722	0	0
723	1	0
724	1	0
725	1	1
726	1	1
727	1	1
728	1	1
729	1	1
730	0	0
731	1	0
732	1	1
733	0	0
734	1	1
735	1	1
736	1	1
737	1	1
738	1	1
739	1	1
740	1	1
741	1	1
742	1	1
743	1	1
744	0	0
745	1	1
746	0	0
747	1	1
748	0	1
749	1	1
750	1	1
751	1	1
752	0	0
753	1	1
754	1	1
755	1	1
756	0	0
757	1	1
758	0	0
759	1	1
760	0	1
761	1	1
762	1	1
763	0	0
764	1	0
765	1	1
766	0	0
767	0	1
768	1	1
769	0	0
770	1	1
771	0	1
772	1	1
773	1	1
774	0	0
775	1	1
776	0	0
777	1	0
778	1	1
779	1	1
780	1	1
781	0	0
782	1	1
783	0	0
784	0	0
785	0	1
786	0	0
787	0	0
788	0	0
789	1	1
790	1	1
791	0	0
792	1	1
793	1	1
794	1	1
795	0	1
796	1	1
797	1	1
798	1	1
799	0	1
800	1	1
801	0	1
802	1	1
803	1	1
804	1	1
805	1	1
806	1	1
807	0	0
808	0	1
809	1	1
810	1	1
811	1	1
812	0	0
813	0	0
814	1	1
815	1	1
816	1	1
817	0	0
818	0	0
819	1	0
820	1	1
821	1	1
822	0	0
823	1	1
824	0	0
825	0	1
826	0	1
827	1	1
828	0	0
829	1	1
830	1	1
831	0	0
832	0	0
833	1	0
834	0	0
835	1	1
836	1	1
837	1	1
838	0	1
839	1	1
840	1	1
841	1	1
842	1	1
843	0	1
844	1	1
845	1	1
846	0	1
847	1	0
848	0	0
849	1	0
850	1	1
851	1	1
852	0	0
853	1	1
854	0	0
855	1	0
856	0	0
857	1	1
858	0	0
859	0	1
860	1	1
861	1	1
862	1	1
863	0	0
864	1	1
865	1	0
866	0	0
867	0	0
868	0	1
869	0	0
870	1	1
871	0	1
872	1	1
873	1	1
874	1	1
875	1	1
876	1	1
877	1	1
878	1	1
879	1	1
880	0	1
881	0	1
882	1	0
883	1	1
884	1	1
885	1	1
886	0	0
887	1	1
888	0	0
889	0	0
890	0	0
891	1	1
892	0	1
893	0	0
894	1	0
895	1	0
896	0	0
897	1	1
898	1	1
899	1	1
900	1	1
901	0	1
902	1	1
903	1	1
904	0	0
905	1	1
906	0	1
907	1	1
908	1	1
909	1	1
910	0	0
911	0	0
912	1	1
913	0	0
914	0	0
915	0	1
916	1	1
917	1	0
918	1	1
919	1	1
920	1	1
921	1	0
922	1	1
923	0	0
924	1	1
925	0	0
926	0	0
927	1	1
928	0	0
929	1	1
930	1	1
931	0	1
932	1	1
933	0	1
934	1	1
935	1	1
936	1	1
937	1	1
938	1	1
939	0	0
940	0	0
941	1	1
942	0	0
943	0	0
944	1	1
945	1	1
946	1	1
947	0	0
948	1	1
949	1	1
950	0	0
951	0	0
952	1	1
953	1	1
954	1	1
955	1	1
956	0	0
957	1	1
958	1	1
959	1	1
960	1	1
961	1	1
962	1	1
963	1	1
964	0	0
965	1	1
966	0	0
967	1	1
968	1	1
969	0	0
970	0	0
971	0	0
972	1	0
973	0	0
974	0	0
975	1	1
976	1	1
977	0	1
978	0	0
979	0	0
980	0	0
981	1	1
982	1	1
983	1	1
984	1	1
985	1	1
986	0	1
987	0	0
988	1	1
989	1	1
990	0	0
991	0	0
992	1	1
993	1	1
994	1	1
995	1	1
996	1	1
997	1	1
998	1	1
999	0	0
1000	1	1
1001	0	0
1002	1	0
1003	0	0
1004	1	1
1005	1	1
1006	1	1
1007	0	0
1008	1	1
1009	0	0
1010	1	1
1011	0	0
1012	1	1
1013	1	1
1014	1	1
1015	1	1
1016	1	1
1017	1	1
1018	1	1
1019	0	1
1020	0	0
1021	0	1
1022	0	0
1023	1	1
1024	1	0
1025	1	1
1026	0	1
1027	1	1
1028	0	1
1029	1	0
1030	1	1
1031	1	1
1032	0	0
1033	1	1
1034	0	1
1035	1	1
1036	0	0
1037	1	1
1038	1	1
1039	1	1
1040	1	1
1041	0	0
1042	1	1
1043	1	0
1044	0	0
1045	0	0
1046	1	1
1047	1	1
1048	0	0
1049	1	1
1050	1	1
1051	1	1
1052	1	1
1053	0	0
1054	1	1
1055	0	1
1056	1	1
1057	1	1
1058	0	1
1059	1	1
1060	1	1
1061	1	1
1062	0	0
1063	0	1
1064	1	1
1065	0	1
1066	1	1
1067	1	1
1068	0	0
1069	1	1
1070	1	1
1071	1	1
1072	1	1
1073	0	0
1074	1	1
1075	1	1
1076	0	0
1077	1	1
1078	0	0
1079	0	0
1080	1	1
1081	0	1
1082	0	1
1083	0	0
1084	0	1
1085	1	1
1086	1	1
1087	1	1
1088	1	1
1089	1	1
1090	1	1
1091	0	0
1092	0	0
1093	1	0
1094	0	1
1095	0	0
1096	0	1
1097	1	1
1098	0	0
1099	1	1
1100	1	1
1101	0	1
1102	1	0
1103	0	0
1104	1	1
1105	1	1
1106	1	0
1107	1	1
1108	0	0
1109	0	0
1110	1	1
1111	1	1
1112	1	1
1113	1	1
1114	0	1
1115	1	1
1116	0	1
1117	1	1
1118	1	1
1119	1	1
1120	1	1
1121	0	0
1122	1	1
1123	1	1
1124	1	1
1125	1	1
1126	1	1
1127	1	1
1128	1	1
1129	1	1
1130	0	0
1131	1	1
1132	1	0
1133	1	1
1134	1	0
1135	1	1
1136	0	1
1137	1	1
1138	1	1
1139	1	1
1140	1	1
1141	1	1
1142	1	1
1143	1	1
1144	1	1
1145	0	0
1146	1	1
1147	0	1
1148	1	0
1149	1	1
1150	0	0
1151	1	1
1152	1	1
1153	1	1
1154	0	0
1155	0	0
1156	1	1
1157	0	1
1158	0	0
1159	1	1
1160	1	1
1161	0	0
1162	0	1
1163	1	1
1164	0	0
1165	0	0
1166	0	1
1167	1	1
1168	1	1
1169	1	1
1170	1	1
1171	0	1
1172	1	1
1173	0	1
1174	1	1
1175	1	1
1176	0	0
1177	1	1
1178	1	1
1179	1	1
1180	0	0
1181	1	1
1182	0	0
1183	0	0
1184	1	1
1185	0	0
1186	1	1
1187	1	1
1188	1	1
1189	0	0
1190	0	0
1191	1	1
1192	0	0
1193	1	1
1194	0	0
1195	0	1
1196	0	0
1197	1	1
1198	1	1
1199	1	0
1200	0	0
1201	1	1
1202	0	0
1203	0	0
1204	1	1
1205	1	0
1206	0	0
1207	1	0
1208	1	1
1209	1	1
1210	1	1
1211	1	0
1212	1	1
1213	0	0
1214	0	0
1215	1	1
1216	0	1
1217	1	1
1218	0	0
1219	1	0
1220	0	0
1221	1	0
1222	1	1
1223	1	1
1224	0	0
1225	1	1
1226	1	0
1227	0	0
1228	0	0
1229	0	0
1230	0	0
1231	1	1
1232	1	0
1233	0	0
1234	1	1
1235	1	1
1236	0	0
1237	1	1
1238	0	0
1239	1	1
1240	1	1
1241	1	1
1242	1	1
1243	0	1
1244	1	1
1245	1	1
1246	0	0
1247	0	1
1248	1	1
1249	1	0
1250	1	1
1251	1	1
1252	0	0
1253	1	1
1254	0	0
1255	1	1
1256	1	1
1257	0	0
1258	1	1
1259	0	0
1260	0	0
1261	0	1
1262	0	0
1263	0	0
1264	1	0
1265	1	1
1266	0	0
1267	1	1
1268	0	0
1269	1	1
1270	1	0
1271	1	1
1272	1	1
1273	1	1
1274	1	1
1275	1	1
1276	0	0
1277	0	0
1278	0	0
1279	1	1
1280	1	1
1281	1	0
1282	1	1
1283	1	0
1284	0	0
1285	0	1
1286	1	1
1287	0	1
1288	1	1
1289	1	1
1290	1	1
1291	1	1
1292	1	1
1293	1	1
1294	1	1
1295	0	0
1296	0	1
1297	1	1
1298	1	0
1299	0	0
1300	1	1
1301	0	1
1302	1	1
1303	0	0
1304	0	0
1305	1	1
1306	1	1
1307	0	0
1308	0	0
1309	1	1
1310	0	1
1311	1	0
1312	1	1
1313	1	1
1314	0	0
1315	1	0
1316	0	0
1317	1	1
1318	1	1
1319	1	1
1320	0	0
1321	1	1
1322	1	1
1323	0	1
1324	0	0
1325	0	0
1326	1	1
1327	1	1
1328	1	1
1329	1	1
1330	1	1
1331	1	0
1332	1	1
1333	1	1
1334	0	0
1335	1	1
1336	1	1
1337	1	1
1338	0	0
1339	1	1
1340	1	0
1341	1	1
1342	1	1
1343	1	1
1344	1	1
1345	0	0
1346	1	0
1347	0	0
1348	1	1
1349	1	0
1350	1	1
1351	0	0
1352	1	1
1353	1	1
1354	0	0
1355	1	0
1356	0	1
1357	0	1
1358	0	0
1359	1	1
1360	1	1
1361	0	1
1362	1	1
1363	1	1
1364	1	1
1365	1	1
1366	0	0
1367	1	0
1368	0	0
1369	1	1
1370	1	1
1371	1	1
1372	1	1
1373	1	1
1374	1	1
1375	1	1
1376	1	1
1377	1	1
1378	1	1
1379	0	0
1380	1	1
1381	1	1
1382	0	0
1383	1	0
1384	0	0
1385	0	0
1386	1	1
1387	1	1
1388	1	1
1389	1	1
1390	1	1
1391	1	1
1392	1	1
1393	1	1
1394	0	0
1395	1	1
1396	0	0
1397	0	0
1398	0	0
1399	0	0
1400	0	0
1401	0	0
1402	0	0
1403	0	1
1404	0	0
1405	0	1
1406	1	1
1407	0	0
1408	0	0
1409	1	1
1410	1	0
1411	1	1
1412	0	0
1413	1	0
1414	0	0
1415	1	1
1416	0	1
1417	1	1
1418	1	1
1419	0	0
1420	1	1
1421	1	1
1422	1	1
1423	1	1
1424	0	1
1425	0	0
1426	1	1
1427	1	1
1428	0	0
1429	1	1
1430	1	1
1431	1	1
1432	0	0
1433	1	1
1434	0	1
1435	0	0
1436	1	0
1437	0	0
1438	1	1
1439	1	1
1440	1	1
1441	0	0
1442	0	0
1443	1	1
1444	0	0
1445	0	0
1446	1	0
1447	1	1
1448	1	1
1449	1	1
1450	1	1
1451	1	1
1452	0	0
1453	1	0
1454	0	0
1455	1	0
1456	1	1
1457	0	0
1458	1	1
1459	1	1
1460	0	0
1461	1	1
1462	1	1
1463	1	1
1464	1	1
1465	1	1
1466	1	1
1467	0	0
1468	1	1
1469	1	1
1470	1	1
1471	0	0
1472	1	0
1473	0	0
1474	1	1
1475	1	1
1476	1	1
1477	0	0
1478	0	0
1479	1	1
1480	1	1
1481	1	1
1482	1	0
1483	0	0
1484	0	0
1485	1	1
1486	1	1
1487	0	1
1488	1	1
1489	1	1
1490	1	1
1491	1	0
1492	0	0
1493	0	0
1494	0	0
1495	0	0
1496	1	0
1497	0	0
1498	0	0
1499	0	0
1500	1	1
1501	0	0
1502	1	1
1503	1	0
1504	1	1
1505	1	1
1506	0	0
1507	1	1
1508	1	1
1509	1	1
1510	1	1
1511	1	1
1512	1	1
1513	0	0
1514	0	1
1515	1	1
1516	1	1
1517	0	1
1518	1	1
1519	0	1
1520	1	1
1521	0	0
1522	1	1
1523	0	0
1524	0	0
1525	0	1
1526	1	1
1527	1	1
1528	1	1
1529	1	1
1530	0	1
1531	1	1
1532	1	1
1533	1	1
1534	1	1
1535	1	1
1536	1	0
1537	0	1
1538	1	0
1539	1	1
1540	0	0
1541	0	1
1542	1	1
1543	1	1
1544	1	0
1545	1	1
1546	0	0
1547	1	1
1548	1	0
1549	1	1
1550	0	0
1551	0	0
1552	1	1
1553	0	0
1554	1	1
1555	1	1
1556	0	0
1557	0	0
1558	0	1
1559	1	1
1560	0	0
1561	1	1
1562	1	1
1563	0	0
1564	1	1
1565	1	1
1566	0	0
1567	1	1
1568	0	0
1569	1	0
1570	1	0
1571	0	0
1572	1	0
1573	0	0
1574	1	1
1575	0	0
1576	1	1
1577	0	0
1578	1	1
1579	1	1
1580	0	0
1581	1	1
1582	1	0
1583	1	1
1584	0	1
1585	1	1
1586	0	1
1587	0	0
1588	1	1
1589	1	1
1590	1	1
1591	0	0
1592	1	1
1593	1	1
1594	0	0
1595	1	1
1596	0	0
1597	1	1
1598	0	0
1599	0	1
1600	0	0
1601	0	1
1602	0	0
1603	0	1
1604	1	1
1605	0	0
1606	1	0
1607	1	1
1608	1	0
1609	0	0
1610	0	0
1611	1	1
1612	1	1
1613	1	1
1614	1	1
1615	1	1
1616	1	1
1617	0	0
1618	0	0
1619	1	0
1620	1	1
1621	0	1
1622	1	1
1623	1	1
1624	1	1
1625	1	1
1626	1	1
1627	0	0
1628	0	0
1629	1	1
1630	0	1
1631	0	0
1632	1	0
1633	1	1
1634	1	0
1635	1	1
1636	1	1
1637	0	0
1638	1	1
1639	0	0
1640	1	1
1641	0	1
1642	1	1
1643	1	1
1644	0	0
1645	0	0
1646	0	0
1647	1	1
1648	0	0
1649	0	1
1650	0	1
1651	1	1
1652	0	1
1653	0	0
1654	1	1
1655	1	0
1656	1	0
1657	0	0
1658	1	0
1659	0	0
1660	1	1
1661	1	1
1662	1	1
1663	1	1
1664	0	0
1665	1	1
1666	1	1
1667	1	1
1668	1	1
1669	0	1
1670	1	1
1671	0	0
1672	0	0
1673	1	0
1674	1	1
1675	0	0
1676	0	1
1677	1	0
1678	0	0
1679	0	0
1680	1	1
1681	0	1
1682	1	1
1683	1	1
1684	1	1
1685	1	1
1686	1	1
1687	0	0
1688	1	1
1689	0	0
1690	1	1
1691	1	1
1692	1	1
1693	1	1
1694	1	1
1695	1	1
1696	1	1
1697	1	1
1698	0	0
1699	1	1
1700	0	0
1701	0	0
1702	1	1
1703	0	0
1704	0	1
1705	1	1
1706	1	1
1707	1	1
1708	0	0
1709	1	1
1710	1	1
1711	1	1
1712	1	1
1713	0	0
1714	1	1
1715	1	1
1716	0	0
1717	0	0
1718	1	1
1719	1	1
1720	1	0
1721	1	1
1722	1	1
1723	1	1
1724	1	1
1725	1	1
1726	0	1
1727	0	0
1728	0	0
1729	1	1
1730	0	0
1731	1	1
1732	1	1
1733	1	1
1734	0	0
1735	1	1
1736	1	1
1737	1	1
1738	1	1
1739	0	0
1740	1	0
1741	1	1
1742	1	0
1743	1	1
1744	1	0
1745	0	0
1746	1	1
1747	1	0
1748	0	1
1749	1	1
1750	1	0
1751	1	1
1752	1	1
1753	1	1
1754	0	0
1755	1	1
1756	1	0
1757	1	1
1758	0	1
1759	1	1
1760	0	0
1761	0	0
1762	0	0
1763	1	1
1764	0	1
1765	0	1
1766	1	1
1767	1	0
1768	0	0
1769	1	1
1770	0	0
1771	0	0
1772	0	1
1773	1	1
1774	1	1
1775	1	1
1776	0	0
1777	0	0
1778	1	1
1779	0	0
1780	1	1
1781	1	1
1782	1	1
1783	1	0
1784	0	0
1785	1	0
1786	0	0
1787	0	0
1788	0	0
1789	1	1
1790	1	1
1791	1	1
1792	1	1
1793	1	1
1794	1	1
1795	1	1
1796	0	0
1797	0	0
1798	0	0
1799	1	1
1800	1	0
1801	0	1
1802	1	1
1803	0	0
1804	1	1
1805	0	0
1806	0	1
1807	0	0
1808	1	1
1809	1	1
1810	0	0
1811	1	1
1812	0	0
1813	0	0
1814	1	1
1815	1	1
1816	1	1
1817	0	0
1818	1	1
1819	1	1
1820	0	1
1821	1	1
1822	1	1
1823	1	0
1824	0	0
1825	1	1
1826	1	1
1827	1	1
1828	1	0
1829	0	1
1830	1	1
1831	1	1
1832	0	1
1833	1	0
1834	1	1
1835	1	1
1836	0	0
1837	1	1
1838	1	1
1839	0	1
1840	0	0
1841	1	1
1842	0	0
1843	1	0
1844	0	0
1845	0	0
1846	0	1
1847	0	0
1848	1	1
1849	1	1
1850	1	1
1851	1	1
1852	1	1
1853	1	0
1854	0	0
1855	0	0
1856	1	1
1857	1	0
1858	1	0
1859	0	0
1860	0	0
1861	1	0
1862	1	1
1863	1	1
1864	1	1
1865	1	1
1866	1	1
1867	0	0
1868	1	1
1869	0	1
1870	1	1
1871	0	0
1872	0	0
1873	0	0
1874	1	0
1875	0	0
1876	1	1
1877	1	1
1878	0	0
1879	0	0
1880	1	1
1881	1	1
1882	1	1
1883	0	0
1884	1	0
1885	0	1
1886	1	1
1887	1	1
1888	1	0
1889	0	0
1890	1	1
1891	1	1
1892	1	1
1893	1	1
1894	0	0
1895	0	1
1896	1	1
1897	1	0
1898	0	0
1899	0	1
1900	1	1
1901	1	1
1902	0	0
1903	1	1
1904	1	1
1905	0	0
1906	0	1
1907	1	1
1908	0	0
1909	0	0
1910	1	1
1911	0	0
1912	1	1
1913	0	1
1914	0	0
1915	0	0
1916	0	1
1917	1	1
1918	0	0
1919	1	0
1920	1	1
1921	1	1
1922	0	0
1923	1	1
1924	1	0
1925	0	1
1926	0	0
1927	1	1
1928	0	0
1929	1	1
1930	1	1
1931	0	0
1932	0	1
1933	1	1
1934	1	0
1935	0	0
1936	1	0
1937	0	0
1938	1	0
1939	1	1
1940	1	1
1941	1	1
1942	1	1
1943	0	0
1944	1	1
1945	1	0
1946	1	1
1947	1	1
1948	1	1
1949	1	1
1950	1	1
1951	1	1
1952	1	0
1953	1	1
1954	1	1
1955	0	1
1956	1	1
1957	1	1
1958	1	1
1959	1	1
1960	0	1
1961	1	1
1962	1	1
1963	1	1
1964	1	1
1965	0	0
1966	0	1
1967	1	1
1968	0	0
1969	1	1
1970	1	1
1971	0	1
1972	0	0
1973	1	1
1974	1	1
1975	1	1
1976	0	0
1977	1	1
1978	1	1
1979	1	1
1980	0	0
1981	1	0
1982	0	0
1983	1	0
1984	0	1
1985	0	0
1986	1	1
1987	1	1
1988	0	1
1989	1	1
1990	1	1
1991	1	1
1992	0	1
1993	1	0
1994	1	1
1995	0	0
1996	1	1
1997	1	1
1998	1	0
1999	0	0
2000	1	1
2001	0	1
2002	1	1
2003	0	0
2004	1	1
2005	1	1
2006	1	1
2007	0	0
2008	0	0
2009	1	0
2010	1	1
2011	0	0
2012	0	0
2013	0	1
2014	0	0
2015	1	1
2016	1	1
2017	0	0
2018	1	1
2019	0	0
2020	1	1
2021	1	1
2022	1	1
2023	1	1
2024	1	0
2025	0	0
2026	1	1
2027	0	0
2028	1	1
2029	0	1
2030	0	0
2031	0	0
2032	1	1
2033	0	0
2034	1	1
2035	1	1
2036	1	1
2037	1	1
2038	1	0
2039	1	1
2040	1	1
2041	1	1
2042	0	0
2043	1	1
2044	1	0
2045	0	0
2046	1	1
2047	1	1
2048	1	1
2049	1	1
2050	1	1
2051	1	1
2052	1	1
2053	1	1
2054	1	1
2055	0	0
2056	0	0
2057	0	0
2058	1	1
2059	0	1
2060	1	1
2061	1	1
2062	1	1
2063	1	1
2064	1	1
2065	1	0
2066	1	1
2067	0	0
2068	1	1
2069	1	1
2070	1	1
2071	1	1
2072	0	0
2073	1	1
2074	0	0
2075	0	0
2076	1	1
2077	0	0
2078	0	0
2079	1	1
2080	1	1
2081	0	0
2082	0	0
2083	1	1
2084	1	1
2085	1	1
2086	0	1
2087	1	1
2088	0	0
2089	1	1
2090	1	0
2091	0	1
2092	1	1
2093	0	1
2094	1	1
2095	0	0
2096	1	0
2097	1	1
2098	1	1
2099	1	0
2100	0	0
2101	1	1
2102	1	1
2103	1	0
2104	1	1
2105	1	1
2106	0	0
2107	0	0
2108	0	0
2109	1	0
2110	0	1
2111	0	0
2112	1	1
2113	1	0
2114	0	0
2115	0	0
2116	1	0
2117	1	1
2118	1	1
2119	1	0
2120	1	1
2121	1	1
2122	0	1
2123	1	1
2124	1	1
2125	0	1
2126	1	1
2127	1	1
2128	1	1
2129	1	1
2130	1	0
2131	1	1
2132	1	1
2133	0	1
2134	0	0
2135	0	0
2136	1	1
2137	1	1
2138	0	0
2139	1	0
2140	0	0
2141	0	0
2142	1	0
2143	1	1
2144	1	1
2145	1	0
2146	1	1
2147	0	0
2148	0	0
2149	1	1
2150	0	0
2151	1	1
2152	0	0
2153	1	0
2154	1	1
2155	1	1
2156	0	0
2157	1	1
2158	1	1
2159	1	1
2160	0	0
2161	1	1
2162	1	0
2163	1	1
2164	1	1
2165	0	0
2166	1	1
2167	0	0
2168	1	0
2169	0	0
2170	1	1
2171	1	1
2172	0	0
2173	1	1
2174	1	1
2175	0	0
2176	0	0
2177	0	1
2178	0	1
2179	1	1
2180	0	1
2181	1	1
2182	1	1
2183	0	0
2184	1	1
2185	0	0
2186	1	1
2187	1	1
2188	0	0
2189	0	0
2190	1	1
2191	0	0
2192	1	1
2193	1	0
2194	1	1
2195	0	0
2196	1	1
2197	0	0
2198	0	0
2199	1	1
2200	1	0
2201	1	1
2202	1	1
2203	1	1
2204	1	1
2205	0	0
2206	1	1
2207	1	0
2208	1	1
2209	1	1
2210	0	0
2211	1	1
2212	1	1
2213	1	1
2214	1	1
2215	1	1
2216	0	0
2217	0	0
2218	0	1
2219	1	1
2220	1	1
2221	0	0
2222	0	0
2223	1	1
2224	1	1
2225	1	1
2226	0	0
2227	1	1
2228	1	0
2229	1	1
2230	1	1
2231	1	1
2232	1	0
2233	0	0
2234	0	0
2235	1	1
2236	0	0
2237	1	0
2238	1	1
2239	0	0
2240	1	0
2241	0	1
2242	0	1
2243	0	1
2244	0	0
2245	1	1
2246	1	1
2247	1	0
2248	1	1
2249	1	1
2250	0	0
2251	0	0
2252	0	1
2253	0	0
2254	1	1
2255	1	0
2256	1	1
2257	1	1
2258	1	1
2259	0	0
2260	1	1
2261	1	1
2262	1	1
2263	1	1
2264	1	1
2265	1	1
2266	1	1
2267	1	1
2268	1	1
2269	1	1
2270	1	1
2271	1	0
2272	0	0
2273	0	0
2274	1	1
2275	0	0
2276	0	0
2277	1	1
2278	0	0
2279	1	1
2280	0	0
2281	1	1
2282	0	0
2283	1	1
2284	1	1
2285	0	0
2286	1	0
2287	0	0
2288	1	1
2289	1	1
2290	0	0
2291	1	1
2292	1	1
2293	1	1
2294	1	1
2295	1	1
2296	1	1
2297	1	1
2298	1	1
2299	0	0
2300	0	0
2301	0	0
2302	1	0
2303	0	0
2304	1	0
2305	0	0
2306	1	1
2307	0	0
2308	0	1
2309	1	1
2310	1	0
2311	1	0
2312	0	0
2313	1	1
2314	1	1
2315	1	1
2316	1	1
2317	1	0
2318	1	1
2319	1	1
2320	1	1
2321	1	1
2322	1	1
2323	1	1
2324	1	1
2325	1	1
2326	0	1
2327	1	1
2328	1	1
2329	0	0
2330	0	0
2331	1	1
2332	1	1
2333	1	1
2334	1	0
2335	1	1
2336	1	1
2337	0	0
2338	1	0
2339	0	1
2340	0	0
2341	1	1
2342	0	1
2343	1	1
2344	1	1
2345	1	1
2346	1	1
2347	1	1
2348	0	0
2349	0	0
2350	1	1
2351	1	1
2352	1	1
2353	1	1
2354	0	0
2355	0	0
2356	1	1
2357	0	0
2358	1	1
2359	0	0
2360	1	1
2361	1	1
2362	1	0
2363	1	1
2364	0	0
2365	1	1
2366	1	1
2367	1	1
2368	1	1
2369	0	0
2370	0	0
2371	1	1
2372	1	1
2373	1	1
2374	1	1
2375	0	0
2376	1	0
2377	1	1
2378	1	1
2379	0	1
2380	1	1
2381	1	0
2382	1	1
2383	1	1
2384	1	1
2385	0	0
2386	1	1
2387	0	0
2388	1	0
2389	0	0
2390	1	1
2391	0	0
2392	0	1
2393	1	1
2394	0	1
2395	1	1
2396	0	1
2397	1	1
2398	1	1
2399	1	1
2400	1	1
2401	1	1
2402	0	0
2403	1	0
2404	1	1
2405	1	1
2406	1	1
2407	1	1
2408	1	1
2409	1	1
2410	1	1
2411	1	1
2412	0	0
2413	0	0
2414	1	1
2415	1	1
2416	0	0
2417	1	1
2418	1	1
2419	1	1
2420	1	0
2421	1	0
2422	1	1
2423	1	0
2424	1	1
2425	1	0
2426	0	0
2427	0	1
2428	1	0
2429	0	0
2430	1	1
2431	1	1
2432	1	1
2433	0	0
2434	1	1
2435	1	1
2436	1	1
2437	0	0
2438	0	1
2439	0	0
2440	1	1
2441	0	0
2442	1	1
2443	1	1
2444	1	1
2445	1	1
2446	0	1
2447	1	1
2448	1	1
2449	0	0
2450	1	1
2451	1	0
2452	0	0
2453	1	1
2454	1	1
2455	1	1
2456	0	0
2457	1	1
2458	1	1
2459	0	0
2460	0	0
2461	1	1
2462	1	1
2463	1	1
2464	1	1
2465	0	1
2466	0	0
2467	1	1
2468	1	1
2469	1	1
2470	1	1
2471	1	1
2472	1	0
2473	0	0
2474	0	0
2475	1	1
2476	1	0
2477	1	1
2478	0	1
2479	1	0
2480	1	1
2481	1	1
2482	1	1
2483	0	0
2484	1	1
2485	0	0
2486	1	1
2487	1	1
2488	1	1
2489	0	1
2490	1	1
2491	1	1
2492	1	1
2493	1	1
2494	1	1
2495	1	1
2496	1	1
2497	0	0
2498	0	0
2499	1	1
2500	1	1
2501	1	1
2502	1	1
2503	1	0
2504	1	1
2505	0	0
2506	0	0
2507	0	0
2508	0	1
2509	0	0
2510	1	1
2511	0	1
2512	1	0
2513	1	1
2514	1	1
2515	0	0
2516	1	1
2517	0	0
2518	1	0
2519	1	1
2520	0	0
2521	1	1
2522	0	0
2523	1	1
2524	1	0
2525	1	1
2526	0	0
2527	1	1
2528	0	0
2529	1	1
2530	1	1
2531	0	0
2532	0	0
2533	0	0
2534	0	0
2535	1	1
2536	0	0
2537	1	1
2538	0	0
2539	0	0
2540	1	1
2541	1	1
2542	0	0
2543	1	1
2544	0	0
2545	1	1
2546	0	0
2547	1	1
2548	0	1
2549	1	1
2550	1	1
2551	1	1
2552	1	0
2553	1	1
2554	0	1
2555	1	1
2556	1	0
2557	0	0
2558	1	1
2559	1	1
2560	1	1
2561	1	1
2562	1	1
2563	0	0
2564	0	0
2565	1	1
2566	1	0
2567	1	1
2568	1	1
2569	1	1
2570	0	0
2571	1	0
2572	1	1
2573	1	0
2574	1	0
2575	0	0
2576	1	0
2577	0	0
2578	0	1
2579	1	0
2580	0	0
2581	0	1
2582	1	1
2583	1	1
2584	0	0
2585	1	1
2586	1	1
2587	0	1
2588	1	1
2589	0	0
2590	1	1
2591	0	0
2592	1	1
2593	1	1
2594	1	1
2595	0	0
2596	1	1
2597	1	1
2598	0	0
2599	1	1
2600	0	1
2601	1	0
2602	1	1
2603	0	0
2604	0	1
2605	1	1
2606	1	1
2607	1	1
2608	1	1
2609	1	1
2610	0	0
2611	1	1
2612	0	1
2613	1	1
2614	1	1
2615	0	0
2616	1	0
2617	1	1
2618	1	1
2619	1	1
2620	0	1
2621	0	0
2622	1	1
2623	1	1
2624	1	1
2625	1	0
2626	1	1
2627	1	1
2628	1	1
2629	0	1
2630	0	0
2631	0	0
2632	0	1
2633	0	1
2634	1	0
2635	1	1
2636	0	0
2637	0	0
2638	1	1
2639	0	1
2640	1	1
2641	1	1
2642	0	0
2643	0	0
2644	1	1
2645	0	0
2646	1	0
2647	1	1
2648	0	0
2649	0	0
2650	1	1
2651	0	0
2652	0	1
2653	1	1
2654	1	1
2655	0	0
2656	1	1
2657	1	1
2658	1	1
2659	1	1
2660	0	1
2661	1	1
2662	1	1
2663	0	0
2664	0	0
2665	1	0
2666	0	1
2667	1	1
2668	1	0
2669	0	0
2670	1	0
2671	1	0
2672	0	0
2673	0	0
2674	1	1
2675	1	1
2676	0	0
2677	1	1
2678	0	1
2679	1	1
2680	1	1
2681	1	1
2682	0	0
2683	1	1
2684	1	1
2685	1	0
2686	1	1
2687	1	1
2688	1	1
2689	1	1
2690	0	0
2691	1	1
2692	0	0
2693	0	0
2694	0	1
2695	1	1
2696	1	1
2697	1	1
2698	1	1
2699	0	0
2700	0	0
2701	1	1
2702	0	0
2703	0	0
2704	0	0
2705	1	1
2706	1	1
2707	0	0
2708	0	1
2709	1	1
2710	0	0
2711	0	0
2712	1	1
2713	1	1
2714	0	0
2715	0	0
2716	0	1
2717	1	1
2718	1	1
2719	1	0
2720	0	1
2721	1	1
2722	1	1
2723	1	1
2724	0	0
2725	1	1
2726	0	0
2727	1	1
2728	1	1
2729	1	1
2730	0	0
2731	0	0
2732	1	1
2733	1	1
2734	1	1
2735	1	1
2736	1	0
2737	0	0
2738	1	1
2739	0	1
2740	1	1
2741	1	1
2742	1	1
2743	1	1
2744	0	0
2745	1	1
2746	1	1
2747	1	0
2748	0	0
2749	0	0
2750	1	1
2751	1	1
2752	1	1
2753	0	1
2754	1	1
2755	0	1
2756	0	0
2757	0	0
2758	1	1
2759	1	1
2760	0	0
2761	0	0
2762	0	0
2763	1	1
2764	1	1
2765	1	1
2766	1	0
2767	1	0
2768	1	1
2769	1	1
2770	1	1
2771	0	0
2772	0	0
2773	0	0
2774	0	0
2775	1	1
2776	1	1
2777	0	1
2778	0	1
2779	1	0
2780	0	0
2781	1	1
2782	1	1
2783	0	0
2784	1	1
2785	0	0
2786	1	1
2787	1	1
2788	0	0
2789	0	1
2790	1	0
2791	1	0
2792	1	1
2793	1	0
2794	1	1
2795	0	0
2796	1	1
2797	0	0
2798	0	1
2799	1	1
2800	0	0
2801	0	1
2802	0	0
2803	0	0
2804	1	0
2805	1	0
2806	1	1
2807	0	0
2808	0	0
2809	0	0
2810	1	0
2811	1	1
2812	1	0
2813	0	0
2814	1	1
2815	1	1
2816	1	1
2817	1	1
2818	1	1
2819	1	1
2820	1	1
2821	1	0
2822	0	1
2823	1	1
2824	1	1
2825	0	0
2826	1	1
2827	0	0
2828	1	0
2829	1	1
2830	0	0
2831	1	1
2832	1	1
2833	1	1
2834	1	1
2835	1	1
2836	1	1
2837	1	1
2838	1	1
2839	1	1
2840	1	0
2841	1	1
2842	1	1
2843	1	1
2844	1	1
2845	1	1
2846	1	1
2847	0	0
2848	1	1
2849	0	0
2850	1	1
2851	1	1
2852	1	1
2853	1	1
2854	1	1
2855	1	1
2856	1	1
2857	1	1
2858	0	0
2859	0	0
2860	1	1
2861	1	1
2862	0	0
2863	1	1
2864	0	0
2865	1	1
2866	0	1
2867	1	1
2868	1	1
2869	0	0
2870	0	1
2871	1	1
2872	1	1
2873	0	1
2874	1	1
2875	1	1
2876	1	1
2877	1	1
2878	1	1
2879	1	1
2880	0	0
2881	1	0
2882	0	0
2883	1	1
2884	1	1
2885	1	1
2886	1	1
2887	1	1
2888	1	1
2889	0	0
2890	0	0
2891	1	1
2892	1	1
2893	0	0
2894	0	0
2895	0	1
2896	1	1
2897	1	1
2898	1	1
2899	1	1
2900	1	1
2901	1	1
2902	1	1
2903	1	1
2904	0	1
2905	1	1
2906	1	1
2907	0	0
2908	0	0
2909	1	1
2910	1	1
2911	0	1
2912	1	1
2913	1	0
2914	1	0
2915	0	0
2916	1	1
2917	1	0
2918	1	1
2919	1	1
2920	1	1
2921	1	1
2922	1	1
2923	1	1
2924	1	1
2925	1	1
2926	1	1
2927	0	0
2928	1	1
2929	1	1
2930	0	0
2931	0	1
2932	0	1
2933	1	1
2934	1	1
2935	1	1
2936	0	1
2937	0	1
2938	0	0
2939	0	0
2940	0	1
2941	0	0
2942	1	1
2943	1	1
2944	1	0
2945	1	1
2946	0	0
2947	0	0
2948	1	0
2949	1	1
2950	1	1
2951	1	1
2952	1	1
2953	1	1
2954	1	1
2955	0	1
2956	1	1
2957	1	1
2958	0	1
2959	1	1
2960	0	0
2961	0	0
2962	1	1
2963	1	0
2964	1	1
2965	0	0
2966	1	1
2967	1	1
2968	1	1
2969	0	0
2970	0	0
2971	1	1
2972	0	0
2973	1	1
2974	1	0
2975	0	0
2976	1	1
2977	1	1
2978	1	1
2979	1	1
2980	0	1
2981	1	1
2982	1	1
2983	1	1
2984	0	0
2985	1	1
2986	0	0
2987	0	0
2988	0	0
2989	1	1
2990	1	1
2991	1	1
2992	1	1
2993	1	1
2994	0	1
2995	0	1
2996	1	1
2997	1	1
2998	0	1
2999	0	0
3000	0	1
3001	0	1
3002	0	0
3003	1	0
3004	1	1
3005	0	0
3006	0	0
3007	0	0
3008	1	1
3009	1	0
3010	1	0
3011	1	1
3012	1	0
3013	1	0
3014	1	1
3015	0	0
3016	0	1
3017	0	1
3018	0	0
3019	1	1
3020	1	1
3021	1	1
3022	1	1
3023	1	1
3024	0	0
3025	0	1
3026	1	1
3027	1	1
3028	1	1
3029	1	1
3030	1	1
3031	0	0
3032	1	1
3033	0	0
3034	0	1
3035	0	0
3036	0	0
3037	0	0
3038	1	0
3039	1	1
3040	1	1
3041	1	1
3042	1	1
3043	1	1
3044	1	1
3045	0	0
3046	0	0
3047	1	1
3048	0	0
3049	1	1
3050	1	0
3051	1	1
3052	0	1
3053	1	1
3054	0	0
3055	0	0
3056	0	0
3057	1	1
3058	1	1
3059	1	1
3060	0	1
3061	0	0
3062	1	1
3063	1	1
3064	0	0
3065	1	1
3066	1	1
3067	0	0
3068	1	0
3069	1	1
3070	0	0
3071	1	1
3072	1	0
3073	0	0
3074	1	1
3075	0	1
3076	1	1
3077	0	0
3078	0	0
3079	1	1
3080	1	1
3081	1	1
3082	1	0
3083	1	1
3084	1	1
3085	1	1
3086	1	1
3087	1	1
3088	1	1
3089	1	1
3090	1	1
3091	1	1
3092	1	1
3093	1	0
3094	0	0
3095	1	1
3096	1	1
3097	0	0
3098	1	1
3099	0	0
3100	1	1
3101	1	1
3102	1	1
3103	0	0
3104	1	1
3105	1	1
3106	1	1
3107	0	0
3108	0	0
3109	0	1
3110	0	0
3111	1	1
3112	1	1
3113	0	1
3114	1	0
3115	1	1
3116	0	1
3117	1	1
3118	1	1
3119	1	1
3120	1	1
3121	0	0
3122	1	1
3123	0	1
3124	1	1
3125	1	0
3126	1	1
3127	0	0
3128	1	1
3129	1	1
3130	1	1
3131	0	0
3132	1	1
3133	1	1
3134	0	0
3135	0	0
3136	1	1
3137	1	1
3138	0	0
3139	0	0
3140	0	0
3141	1	0
3142	1	1
3143	1	1
3144	1	1
3145	1	1
3146	0	0
3147	1	1
3148	0	0
3149	1	1
3150	1	1
3151	1	1
3152	0	1
3153	1	1
3154	1	0
3155	1	1
3156	1	1
3157	1	0
3158	0	1
3159	0	0
3160	1	1
3161	0	0
3162	0	0
3163	0	1
3164	1	1
3165	1	1
3166	1	1
3167	1	0
3168	0	0
3169	1	1
3170	0	0
3171	0	0
3172	0	0
3173	1	1
3174	1	1
3175	1	1
3176	1	1
3177	0	1
3178	0	1
3179	1	0
3180	1	1
3181	1	1
3182	1	1
3183	0	0
3184	1	1
3185	1	1
3186	1	1
3187	1	1
3188	0	0
3189	0	0
3190	0	0
3191	1	1
3192	0	1
3193	1	1
3194	1	1
3195	0	0
3196	0	0
3197	1	1
3198	0	0
3199	0	0
3200	1	1
3201	1	1
3202	1	1
3203	1	1
3204	0	0
3205	1	1
3206	0	0
3207	0	1
3208	1	1
3209	1	1
3210	1	1
3211	0	0
3212	1	1
3213	1	1
3214	1	1
3215	1	0
3216	1	1
3217	1	1
3218	1	1
3219	1	0
3220	0	0
3221	1	1
3222	1	1
3223	1	1
3224	1	1
3225	0	0
3226	1	1
3227	0	0
3228	0	0
3229	1	1
3230	1	1
3231	1	1
3232	1	1
3233	0	0
3234	1	1
3235	0	1
3236	1	1
3237	0	0
3238	0	0
3239	1	1
3240	0	0
3241	1	1
3242	1	1
3243	1	1
3244	1	1
3245	1	1
3246	1	1
3247	0	0
3248	0	0
3249	1	1
3250	0	0
3251	0	1
3252	1	1
3253	0	0
3254	0	0
3255	0	0
3256	1	1
3257	1	1
3258	1	1
3259	0	0
3260	1	1
3261	1	1
3262	1	1
3263	1	1
3264	0	1
3265	0	0
3266	1	1
3267	0	0
3268	0	1
3269	0	0
3270	1	1
3271	1	1
3272	1	1
3273	1	0
3274	0	0
3275	1	1
3276	1	1
3277	0	0
3278	1	1
3279	1	1
3280	0	0
3281	1	1
3282	1	1
3283	0	1
3284	0	0
3285	1	0
3286	0	0
3287	1	1
3288	1	1
3289	0	0
3290	1	1
3291	1	1
3292	0	0
3293	1	1
3294	0	1
3295	0	0
3296	0	0
3297	1	1
3298	1	1
3299	0	1
3300	0	0
3301	1	1
3302	1	1
3303	1	0
3304	1	1
3305	0	0
3306	1	1
3307	0	1
3308	1	1
3309	0	0
3310	0	0
3311	1	1
3312	1	1
3313	1	1
3314	1	1
3315	1	0
3316	1	1
3317	1	1
3318	0	1
3319	1	1
3320	1	1
3321	1	0
3322	1	1
3323	0	0
3324	1	1
3325	1	1
3326	1	0
3327	1	1
3328	1	1
3329	1	1
3330	1	1
3331	0	0
3332	0	0
3333	0	1
3334	1	1
3335	0	0
3336	0	0
3337	0	1
3338	0	0
3339	1	1
3340	0	1
3341	1	0
3342	1	1
3343	0	0
3344	0	0
3345	0	1
3346	1	0
3347	1	1
3348	0	0
3349	0	0
3350	1	1
3351	0	1
3352	0	0
3353	0	0
3354	1	1
3355	0	0
3356	0	0
3357	0	0
3358	1	1
3359	1	1
3360	1	1
3361	1	1
3362	1	1
3363	0	0
3364	1	1
3365	1	1
3366	1	1
3367	1	1
3368	1	0
3369	0	0
3370	1	1
3371	0	0
3372	1	1
3373	1	0
3374	1	1
3375	0	0
3376	1	0
3377	1	0
3378	1	1
3379	1	1
3380	1	1
3381	1	1
3382	0	0
3383	0	0
3384	1	1
3385	0	0
3386	0	0
3387	0	0
3388	1	1
3389	1	1
3390	1	1
3391	0	1
3392	0	0
3393	0	0
3394	1	0
3395	0	0
3396	0	1
3397	1	1
3398	1	1
3399	1	0
3400	1	1
3401	1	1
3402	0	0
3403	0	1
3404	1	1
3405	1	1
3406	1	1
3407	1	1
3408	1	0
3409	1	1
3410	1	1
3411	1	1
3412	1	1
3413	0	0
3414	1	1
3415	1	0
3416	1	1
3417	1	1
3418	1	1
3419	1	1
3420	1	1
3421	0	1
3422	1	1
3423	1	1
3424	1	1
3425	1	1
3426	1	1
3427	0	0
3428	1	1
3429	0	0
3430	1	1
3431	0	1
3432	1	1
3433	1	1
3434	1	1
3435	1	1
3436	1	1
3437	1	1
3438	1	1
3439	1	1
3440	0	0
3441	1	1
3442	1	1
3443	0	0
3444	1	1
3445	0	0
3446	1	1
3447	1	1
3448	0	0
3449	1	1
3450	1	1
3451	1	1
3452	1	1
3453	0	0
3454	1	1
3455	1	1
3456	1	1
3457	1	1
3458	0	0
3459	1	1
3460	0	1
3461	1	1
3462	1	1
3463	1	1
3464	0	1
3465	1	1
3466	0	1
3467	1	0
3468	1	0
3469	1	1
3470	1	1
3471	1	1
3472	0	0
3473	1	1
3474	1	0
3475	0	0
3476	1	1
3477	0	0
3478	0	0
3479	1	1
3480	1	1
3481	1	1
3482	1	1
3483	1	1
3484	1	0
3485	0	0
3486	1	1
3487	1	1
3488	0	1
3489	0	0
3490	0	0
3491	0	1
3492	1	1
3493	1	1
3494	0	0
3495	0	0
3496	1	0
3497	1	1
3498	0	0
3499	1	0
3500	1	1
3501	1	1
3502	0	0
3503	1	1
3504	0	0
3505	1	1
3506	1	1
3507	1	1
3508	1	1
3509	0	0
3510	1	1
3511	1	1
3512	0	0
3513	0	0
3514	1	1
3515	1	1
3516	0	0
3517	0	1
3518	1	1
3519	0	0
3520	1	1
3521	1	0
3522	1	1
3523	1	1
3524	1	1
3525	0	0
3526	1	1
3527	1	1
3528	1	0
3529	0	0
3530	1	1
3531	0	0
3532	1	1
3533	0	0
3534	1	1
3535	1	0
3536	1	1
3537	0	1
3538	0	1
3539	1	1
3540	0	0
3541	1	1
3542	1	1
3543	1	1
3544	0	1
3545	1	1
3546	0	0
3547	1	1
3548	0	0
3549	0	0
3550	1	1
3551	1	1
3552	1	0
3553	0	1
3554	0	0
3555	1	1
3556	1	1
3557	1	1
3558	1	1
3559	0	0
3560	1	1
3561	1	1
3562	1	1
3563	1	0
3564	1	1
3565	1	1
3566	0	0
3567	1	1
3568	1	1
3569	1	1
3570	1	1
3571	0	1
3572	1	0
3573	1	1
3574	1	1
3575	1	1
3576	1	1
3577	1	1
3578	1	1
3579	1	0
3580	1	1
3581	0	0
3582	1	1
3583	1	1
3584	1	0
3585	0	0
3586	0	0
3587	0	0
3588	1	1
3589	1	1
3590	0	0
3591	1	1
3592	1	1
3593	0	0
3594	1	1
3595	1	0
3596	1	1
3597	1	1
3598	1	1
3599	0	0
3600	1	0
3601	1	1
3602	1	1
3603	1	1
3604	0	0
3605	1	1
3606	1	1
3607	1	1
3608	1	1
3609	0	0
3610	0	0
3611	1	0
3612	0	0
3613	1	1
3614	1	1
3615	0	0
3616	0	0
3617	1	1
3618	0	0
3619	1	1
3620	1	1
3621	1	0
3622	1	1
3623	1	0
3624	1	1
3625	1	0
3626	1	1
3627	1	1
3628	1	1
3629	1	1
3630	0	0
3631	1	1
3632	0	1
3633	0	0
3634	1	1
3635	1	1
3636	1	0
3637	1	1
3638	0	0
3639	1	1
3640	1	0
3641	1	1
3642	0	0
3643	1	1
3644	1	1
3645	0	1
3646	0	0
3647	1	1
3648	0	0
3649	1	1
3650	1	1
3651	0	0
3652	1	1
3653	1	1
3654	1	0
3655	1	1
3656	1	1
3657	1	0
3658	0	0
3659	1	1
3660	1	1
3661	1	1
3662	0	0
3663	1	1
3664	1	1
3665	1	0
3666	1	1
3667	1	1
3668	0	0
3669	0	1
3670	1	1
3671	0	0
3672	0	0
3673	1	1
3674	1	1
3675	0	0
3676	0	0
3677	0	0
3678	1	0
3679	1	1
3680	0	1
3681	1	1
3682	1	1
3683	0	1
3684	1	1
3685	0	0
3686	1	1
3687	1	1
3688	1	1
3689	1	1
3690	0	0
3691	1	1
3692	0	0
3693	1	1
3694	1	0
3695	1	1
3696	0	0
3697	1	1
3698	0	0
3699	0	1
3700	1	1
3701	0	0
3702	1	1
3703	0	0
3704	1	1
3705	1	1
3706	1	1
3707	1	1
3708	1	1
3709	1	1
3710	1	1
3711	0	0
3712	0	0
3713	1	1
3714	0	0
3715	0	1
3716	1	1
3717	1	0
3718	1	1
3719	1	1
3720	0	1
3721	0	0
3722	1	1
3723	0	0
3724	0	0
3725	0	0
3726	1	0
3727	1	1
3728	0	1
3729	1	1
3730	1	1
3731	1	0
3732	1	1
3733	0	0
3734	1	1
3735	1	1
3736	0	1
3737	1	0
3738	1	1
3739	1	1
3740	0	0
3741	0	0
3742	0	0
3743	1	0
3744	0	1
3745	0	0
3746	1	1
3747	0	0
3748	0	0
3749	1	1
3750	0	0
3751	0	0
3752	1	1
3753	1	1
3754	1	1
3755	0	0
3756	1	1
3757	1	1
3758	0	0
3759	1	1
3760	1	0
3761	0	1
3762	0	0
3763	0	0
3764	1	1
3765	1	0
3766	1	0
3767	0	1
3768	1	0
3769	1	1
3770	1	1
3771	1	1
3772	0	0
3773	0	0
3774	1	1
3775	1	1
3776	1	1
3777	1	1
3778	1	1
3779	1	1
3780	1	1
3781	1	1
3782	0	0
3783	1	1
3784	1	1
3785	0	0
3786	1	1
3787	0	0
3788	1	1
3789	1	1
3790	1	1
3791	1	1
3792	1	1
3793	1	1
3794	1	0
3795	1	1
3796	1	1
3797	1	1
3798	1	1
3799	0	0
3800	0	0
3801	1	1
3802	1	1
3803	1	1
3804	1	1
3805	1	1
3806	0	0
3807	1	1
3808	0	1
3809	0	0
3810	1	1
3811	1	1
3812	0	0
3813	1	1
3814	0	0
3815	1	1
3816	0	0
3817	1	1
3818	0	0
3819	1	0
3820	0	1
3821	1	1
3822	1	1
3823	0	0
3824	0	0
3825	1	1
3826	0	0
3827	1	1
3828	1	1
3829	0	0
3830	1	1
3831	1	1
3832	0	0
3833	0	0
3834	0	0
3835	1	1
3836	1	1
3837	0	0
3838	1	0
3839	1	1
3840	1	1
3841	1	1
3842	1	1
3843	1	1
3844	0	0
3845	0	0
3846	0	0
3847	1	1
3848	0	0
3849	1	1
3850	1	1
3851	1	1
3852	1	1
3853	1	1
3854	1	0
3855	1	0
3856	1	1
3857	1	1
3858	0	0
3859	1	1
3860	0	0
3861	0	0
3862	1	0
3863	1	1
3864	1	0
3865	1	1
3866	1	1
3867	1	1
3868	1	1
3869	1	1
3870	0	0
3871	1	0
3872	1	1
3873	1	0
3874	0	1
3875	1	1
3876	1	1
3877	1	1
3878	1	0
3879	1	1
3880	1	1
3881	1	1
3882	0	0
3883	1	1
3884	1	0
3885	1	1
3886	1	1
3887	1	1
3888	1	1
3889	0	0
3890	0	1
3891	0	0
3892	1	1
3893	0	0
3894	1	1
3895	1	1
3896	0	0
3897	1	0
3898	1	1
3899	0	1
3900	1	1
3901	1	1
3902	1	0
3903	0	0
3904	1	0
3905	0	0
3906	1	1
3907	1	0
3908	1	1
3909	0	0
3910	1	1
3911	0	0
3912	1	1
3913	0	0
3914	1	1
3915	1	1
3916	1	0
3917	1	1
3918	1	1
3919	1	1
3920	0	0
3921	0	0
3922	1	0
3923	0	0
3924	0	0
3925	1	1
3926	1	1
3927	1	1
3928	1	1
3929	0	0
3930	1	1
3931	0	0
3932	1	1
3933	0	0
3934	1	1
3935	1	1
3936	0	1
3937	1	1
3938	0	1
3939	0	0
3940	1	1
3941	0	0
3942	1	1
3943	1	1
3944	1	1
3945	1	1
3946	1	1
3947	0	0
3948	1	0
3949	1	1
3950	0	1
3951	1	1
3952	0	0
3953	0	0
3954	1	1
3955	1	0
3956	1	1
3957	1	1
3958	1	1
3959	0	0
3960	1	1
3961	0	0
3962	1	1
3963	1	0
3964	0	0
3965	1	1
3966	0	0
3967	0	0
3968	0	0
3969	0	0
3970	1	1
3971	0	0
3972	1	1
3973	0	0
3974	0	1
3975	0	0
3976	1	1
3977	1	1
3978	1	0
3979	1	1
3980	1	1
3981	1	1
3982	0	0
3983	0	0
3984	0	0
3985	1	0
3986	1	1
3987	1	1
3988	0	0
3989	1	1
3990	0	0
3991	1	1
3992	1	1
3993	1	0
3994	1	1
3995	1	0
3996	1	1
3997	1	1
3998	1	1
3999	1	1
4000	0	0
4001	0	0
4002	0	1
4003	1	1
4004	0	0
4005	1	0
4006	1	1
4007	1	1
4008	1	1
4009	1	1
4010	1	1
4011	1	1
4012	0	0
4013	1	0
4014	0	0
4015	1	1
4016	0	0
4017	1	1
4018	1	1
4019	1	1
4020	0	0
4021	1	1
4022	1	1
4023	0	0
4024	1	0
4025	0	1
4026	1	1
4027	0	0
4028	0	0
4029	1	1
4030	0	1
4031	0	0
4032	1	1
4033	0	0
4034	0	0
4035	0	1
4036	1	1
4037	1	1
4038	1	1
4039	0	0
4040	0	0
4041	0	1
4042	0	0
4043	1	1
4044	1	1
4045	1	1
4046	1	1
4047	0	0
4048	0	0
4049	1	1
4050	0	0
4051	1	1
4052	1	1
4053	0	0
4054	0	1
4055	0	0
4056	1	1
4057	1	1
4058	1	1
4059	0	0
4060	1	1
4061	1	1
4062	1	1
4063	0	0
4064	1	0
4065	0	1
4066	0	0
4067	1	1
4068	1	1
4069	0	0
4070	1	0
4071	0	0
4072	1	1
4073	1	1
4074	0	1
4075	1	1
4076	1	1
4077	1	1
4078	0	0
4079	0	0
4080	1	1
4081	1	1
4082	1	1
4083	1	1
4084	0	0
4085	1	1
4086	0	0
4087	1	0
4088	1	1
4089	1	1
4090	0	0
4091	0	0
4092	0	0
4093	1	1
4094	1	1
4095	0	1
4096	0	0
4097	1	1
4098	1	1
4099	1	1
4100	1	1
4101	1	1
4102	0	0
4103	0	1
4104	0	0
4105	0	0
4106	1	1
4107	0	0
4108	1	1
4109	1	1
4110	1	0
4111	0	0
4112	1	1
4113	1	1
4114	0	0
4115	0	0
4116	1	0
4117	0	0
4118	1	1
4119	1	1
4120	0	0
4121	0	0
4122	1	0
4123	0	0
4124	0	0
4125	1	1
4126	0	0
4127	0	1
4128	1	0
4129	1	0
4130	0	0
4131	1	1
4132	0	0
4133	1	0
4134	0	0
4135	1	1
4136	0	0
4137	1	1
4138	1	1
4139	1	1
4140	1	1
4141	1	1
4142	1	1
4143	1	1
4144	1	1
4145	0	0
4146	1	1
4147	1	1
4148	1	1
4149	1	1
4150	0	1
4151	1	1
4152	0	0
4153	0	1
4154	1	1
4155	1	1
4156	1	1
4157	0	1
4158	1	1
4159	1	1
4160	1	1
4161	1	1
4162	1	0
4163	1	1
4164	1	0
4165	1	1
4166	0	1
4167	0	0
4168	1	1
4169	0	0
4170	0	0
4171	0	1
4172	1	1
4173	1	1
4174	1	1
4175	0	0
4176	0	1
4177	1	1
4178	0	0
4179	1	1
4180	1	1
4181	0	0
4182	1	1
4183	1	1
4184	0	1
4185	1	1
4186	0	0
4187	1	1
4188	1	1
4189	1	0
4190	0	0
4191	0	0
4192	0	0
4193	0	1
4194	1	1
4195	1	1
4196	1	1
4197	1	1
4198	1	0
4199	1	1
4200	1	1
4201	1	1
4202	1	1
4203	0	0
4204	1	1
4205	0	0
4206	1	1
4207	1	1
4208	1	1
4209	0	0
4210	1	1
4211	1	1
4212	1	1
4213	1	0
4214	0	0
4215	0	0
4216	1	0
4217	1	1
4218	1	1
4219	1	1
4220	1	1
4221	1	1
4222	0	0
4223	0	0
4224	1	1
4225	1	1
4226	1	1
4227	1	1
4228	0	0
4229	1	1
4230	0	0
4231	1	0
4232	0	0
4233	0	0
4234	1	1
4235	1	1
4236	0	0
4237	1	1
4238	1	1
4239	1	1
4240	0	0
4241	1	1
4242	0	1
4243	1	1
4244	0	0
4245	1	1
4246	1	1
4247	1	0
4248	1	1
4249	1	1
4250	0	0
4251	0	0
4252	1	1
4253	0	0
4254	0	0
4255	1	1
4256	0	0
4257	0	0
4258	1	1
4259	1	1
4260	1	1
4261	1	1
4262	1	1
4263	0	0
4264	1	1
4265	1	1
4266	0	1
4267	1	0
4268	0	1
4269	1	1
4270	1	1
4271	0	0
4272	1	1
4273	1	0
4274	1	1
4275	1	1
4276	0	1
4277	0	1
4278	1	1
4279	0	0
4280	1	1
4281	1	1
4282	0	0
4283	1	1
4284	0	1
4285	1	1
4286	1	1
4287	1	1
4288	1	1
4289	1	1
4290	1	1
4291	1	1
4292	1	1
4293	1	1
4294	0	0
4295	1	1
4296	1	0
4297	1	1
4298	1	0
4299	1	1
4300	1	1
4301	0	0
4302	1	1
4303	1	1
4304	0	0
4305	0	0
4306	0	1
4307	0	0
4308	1	1
4309	1	1
4310	1	1
4311	1	1
4312	1	1
4313	1	1
4314	1	1
4315	1	1
4316	0	0
4317	0	0
4318	1	1
4319	1	1
4320	1	1
4321	1	1
4322	1	0
4323	1	1
4324	1	1
4325	1	1
4326	1	1
4327	0	0
4328	0	1
4329	1	1
4330	1	1
4331	0	1
4332	0	0
4333	1	0
4334	1	1
4335	0	0
4336	1	1
4337	1	0
4338	0	0
4339	1	1
4340	0	1
4341	0	0
4342	1	1
4343	1	1
4344	0	0
4345	1	1
4346	0	0
4347	0	0
4348	1	1
4349	1	1
4350	1	1
4351	1	1
4352	0	0
4353	0	0
4354	1	1
4355	1	1
4356	0	0
4357	0	0
4358	0	0
4359	1	1
4360	1	1
4361	1	1
4362	1	1
4363	1	1
4364	1	1
4365	1	1
4366	1	1
4367	0	0
4368	1	1
4369	1	1
4370	1	1
4371	1	1
4372	0	0
4373	1	1
4374	1	0
4375	1	1
4376	0	0
4377	1	1
4378	1	1
4379	1	1
4380	1	0
4381	0	1
4382	1	1
4383	0	0
4384	1	1
4385	1	1
4386	1	1
4387	1	1
4388	1	1
4389	1	1
4390	1	0
4391	1	1
4392	0	0
4393	1	1
4394	1	1
4395	0	0
4396	1	0
4397	1	1
4398	1	1
4399	0	0
4400	1	1
4401	1	0
4402	1	1
4403	1	0
4404	0	0
4405	0	0
4406	0	0
4407	0	0
4408	1	1
4409	0	1
4410	0	0
4411	1	1
4412	1	1
4413	0	0
4414	1	1
4415	1	1
4416	0	1
4417	0	1
4418	0	0
4419	1	1
4420	0	0
4421	1	1
4422	0	1
4423	1	1
4424	0	0
4425	1	1
4426	1	1
4427	1	1
4428	1	1
4429	0	0
4430	1	1
4431	1	1
4432	0	0
4433	1	1
4434	0	0
4435	0	0
4436	0	0
4437	1	1
4438	1	0
4439	1	1
4440	1	1
4441	1	1
4442	1	1
4443	1	1
4444	1	0
4445	0	0
4446	1	1
4447	1	1
4448	0	1
4449	1	1
4450	1	0
4451	0	0
4452	1	1
4453	0	0
4454	1	1
4455	1	1
4456	0	0
4457	1	0
4458	1	1
4459	1	0
4460	1	1
4461	0	0
4462	1	0
4463	1	1
4464	0	1
4465	0	0
4466	1	0
4467	0	1
4468	1	1
4469	0	0
4470	0	0
4471	1	1
4472	0	1
4473	1	1
4474	0	0
4475	0	0
4476	0	0
4477	1	0
4478	1	1
4479	1	1
4480	1	1
4481	0	0
4482	1	1
4483	0	0
4484	1	1
4485	1	1
4486	1	1
4487	0	1
4488	0	0
4489	1	1
4490	1	0
4491	0	0
4492	0	1
4493	0	0
4494	1	1
4495	1	1
4496	0	1
4497	1	1
4498	0	1
4499	1	1
4500	1	1
4501	1	1
4502	1	1
4503	0	0
4504	0	0
4505	0	0
4506	1	1
4507	1	1
4508	0	1
4509	0	0
4510	0	0
4511	1	1
4512	1	1
4513	1	1
4514	1	1
4515	1	1
4516	1	1
4517	1	0
4518	1	1
4519	1	1
4520	1	1
4521	1	1
4522	1	0
4523	1	1
4524	1	1
4525	1	1
4526	0	1
4527	0	0
4528	1	1
4529	1	1
4530	1	0
4531	1	1
4532	1	1
4533	1	0
4534	1	1
4535	1	1
4536	1	1
4537	1	1
4538	1	1
4539	1	1
4540	1	1
4541	0	1
4542	1	1
4543	1	1
4544	1	1
4545	0	0
4546	1	1
4547	0	0
4548	0	0
4549	0	0
4550	0	1
4551	1	1
4552	0	0
4553	1	0
4554	1	1
4555	1	1
4556	1	1
4557	0	0
4558	1	1
4559	1	1
4560	0	0
4561	1	1
4562	1	1
4563	1	1
4564	0	0
4565	0	0
4566	0	0
4567	1	0
4568	0	0
4569	1	1
4570	1	1
4571	0	0
4572	0	0
4573	1	0
4574	1	1
4575	0	1
4576	0	1
4577	1	0
4578	1	1
4579	1	1
4580	1	1
4581	0	0
4582	0	1
4583	0	0
4584	0	1
4585	0	0
4586	1	1
4587	1	1
4588	0	0
4589	0	0
4590	1	0
4591	0	1
4592	0	0
4593	1	1
4594	0	0
4595	1	1
4596	1	1
4597	0	1
4598	1	1
4599	1	1
4600	1	1
4601	0	0
4602	1	1
4603	0	1
4604	1	1
4605	1	1
4606	1	1
4607	1	1
4608	1	1
4609	0	0
4610	0	1
4611	1	1
4612	1	1
4613	0	1
4614	0	1
4615	0	0
4616	1	1
4617	1	1
4618	0	1
4619	1	1
4620	0	0
4621	0	0
4622	1	1
4623	0	0
4624	1	0
4625	1	1
4626	1	1
4627	1	1
4628	0	0
4629	1	1
4630	0	0
4631	1	1
4632	1	1
4633	0	0
4634	0	0
4635	1	1
4636	1	0
4637	1	1
4638	1	1
4639	1	1
4640	0	0
4641	0	1
4642	0	0
4643	0	0
4644	0	0
4645	0	0
4646	0	1
4647	1	1
4648	0	0
4649	1	1
4650	1	1
4651	1	1
4652	1	1
4653	0	0
4654	0	0
4655	1	1
4656	1	1
4657	1	1
4658	1	0
4659	1	1
4660	1	1
4661	1	1
4662	1	1
4663	1	1
4664	0	0
4665	0	0
4666	1	1
4667	1	0
4668	0	0
4669	1	1
4670	1	0
4671	1	1
4672	1	1
4673	1	1
4674	0	0
4675	1	1
4676	1	1
4677	0	0
4678	1	1
4679	0	0
4680	1	1
4681	0	1
4682	0	1
4683	0	0
4684	0	0
4685	1	1
4686	1	1
4687	1	1
4688	1	1
4689	1	1
4690	1	1
4691	1	1
4692	1	0
4693	0	0
4694	1	1
4695	1	0
4696	1	1
4697	0	1
4698	1	1
4699	0	0
4700	0	0
4701	1	1
4702	0	0
4703	1	1
4704	0	0
4705	0	0
4706	1	1
4707	1	1
4708	1	0
4709	1	1
4710	1	1
4711	0	0
4712	0	0
4713	1	1
4714	0	0
4715	0	1
4716	1	1
4717	0	0
4718	1	1
4719	0	0
4720	1	1
4721	1	1
4722	1	1
4723	0	1
4724	0	0
4725	1	1
4726	1	1
4727	1	1
4728	0	0
4729	1	1
4730	1	1
4731	1	1
4732	0	0
4733	1	1
4734	1	1
4735	1	1
4736	0	1
4737	0	1
4738	0	0
4739	1	1
4740	1	1
4741	1	0
4742	1	0
4743	1	1
4744	1	1
4745	1	0
4746	0	0
4747	0	1
4748	1	0
4749	0	1
4750	0	1
4751	1	1
4752	1	1
4753	1	1
4754	1	1
4755	1	1
4756	1	1
4757	1	1
4758	0	1
4759	1	1
4760	1	1
4761	0	0
4762	0	0
4763	0	0
4764	1	1
4765	1	1
4766	1	1
4767	1	1
4768	1	1
4769	1	1
4770	1	1
4771	1	1
4772	1	0
4773	1	1
4774	1	1
4775	1	1
4776	1	1
4777	1	1
4778	1	0
4779	1	1
4780	1	1
4781	1	1
4782	0	1
4783	1	0
4784	1	1
4785	1	1
4786	0	0
4787	1	1
4788	0	0
4789	1	1
4790	0	0
4791	0	1
4792	1	1
4793	1	1
4794	0	0
4795	1	1
4796	1	0
4797	0	0
4798	0	0
4799	1	1
4800	1	1
4801	0	0
4802	1	1
4803	0	0
4804	0	0
4805	0	0
4806	1	1
4807	1	1
4808	1	1
4809	1	1
4810	0	0
4811	1	1
4812	0	0
4813	1	1
4814	1	1
4815	0	0
4816	1	0
4817	1	0
4818	1	0
4819	0	0
4820	1	1
4821	1	1
4822	0	1
4823	1	1
4824	1	1
4825	1	1
4826	1	1
4827	1	1
4828	1	0
4829	1	1
4830	1	1
4831	1	1
4832	1	0
4833	1	1
4834	0	0
4835	1	1
4836	1	1
4837	1	1
4838	1	1
4839	0	0
4840	1	1
4841	1	1
4842	0	0
4843	0	0
4844	1	1
4845	1	1
4846	0	0
4847	1	1
4848	1	1
4849	1	1
4850	1	0
4851	1	1
4852	1	1
4853	1	1
4854	0	1
4855	0	1
4856	1	0
4857	1	1
4858	1	1
4859	1	1
4860	1	1
4861	0	0
4862	1	0
4863	0	0
4864	0	0
4865	1	1
4866	1	1
4867	0	0
4868	0	0
4869	0	0
4870	0	1
4871	0	0
4872	1	1
4873	1	1
4874	0	0
4875	1	1
4876	0	0
4877	0	1
4878	1	1
4879	1	1
4880	1	1
4881	1	1
4882	1	1
4883	1	1
4884	1	0
4885	1	1
4886	0	1
4887	1	1
4888	1	1
4889	1	0
4890	1	1
4891	0	0
4892	1	1
4893	1	1
4894	1	1
4895	1	1
4896	1	0
4897	0	0
4898	1	1
4899	1	1
4900	1	1
4901	0	0
4902	0	0
4903	1	1
4904	0	0
4905	0	0
4906	0	0
4907	1	1
4908	0	1
4909	0	1
4910	1	0
4911	0	1
4912	0	0
4913	1	1
4914	0	0
4915	0	0
4916	0	1
4917	1	1
4918	1	1
4919	1	1
4920	1	1
4921	1	1
4922	0	0
4923	1	1
4924	1	1
4925	0	0
4926	1	1
4927	1	1
4928	1	0
4929	0	1
4930	0	1
4931	0	0
4932	0	0
4933	0	0
4934	1	1
4935	1	1
4936	1	1
4937	0	1
4938	1	1
4939	1	1
4940	1	1
4941	1	1
4942	1	1
4943	0	0
4944	0	0
4945	1	1
4946	1	1
4947	1	1
4948	0	0
4949	1	1
4950	1	1
4951	1	1
4952	1	1
4953	1	0
4954	1	1
4955	1	1
4956	1	1
4957	1	1
4958	1	1
4959	0	0
4960	1	1
4961	0	0
4962	1	1
4963	1	1
4964	1	1
4965	0	0
4966	1	0
4967	1	0
4968	1	0
4969	0	0
4970	0	0
4971	1	1
4972	1	1
4973	0	1
4974	1	0
4975	0	1
4976	1	1
4977	0	0
4978	0	0
4979	1	1
4980	1	1
4981	1	1
4982	1	1
4983	1	1
4984	1	1
4985	1	1
4986	0	1
4987	0	0
4988	0	1
4989	1	0
4990	1	1
4991	1	0
4992	1	1
4993	1	1
4994	1	1
4995	1	1
4996	1	1
4997	1	1
4998	0	0
4999	1	1
5000	1	1
5001	1	1
5002	1	1
5003	1	1
5004	0	0
5005	0	0
5006	0	0
5007	0	0
5008	1	1
5009	1	1
5010	1	1
5011	0	0
5012	0	0
5013	1	1
5014	1	1
5015	1	1
5016	1	1
5017	0	1
5018	0	1
5019	0	0
5020	0	0
5021	1	1
5022	1	1
5023	1	1
5024	1	1
5025	0	0
5026	0	0
5027	0	0
5028	0	0
5029	1	1
5030	1	1
5031	1	1
5032	1	1
5033	0	0
5034	1	1
5035	1	1
5036	0	0
5037	1	1
5038	1	1
5039	1	1
5040	1	1
5041	0	0
5042	0	0
5043	0	1
5044	1	1
5045	0	0
5046	0	0
5047	0	0
5048	0	1
5049	1	0
5050	1	0
5051	1	0
5052	1	1
5053	1	1
5054	0	0
5055	1	1
5056	1	1
5057	0	0
5058	1	1
5059	1	0
5060	0	0
5061	1	1
5062	1	1
5063	0	0
5064	1	1
5065	0	0
5066	1	1
5067	1	0
5068	1	1
5069	1	1
5070	0	1
5071	0	1
5072	1	1
5073	1	1
5074	1	0
5075	1	0
5076	1	0
5077	1	1
5078	1	1
5079	0	1
5080	0	0
5081	1	1
5082	0	0
5083	0	0
5084	0	1
5085	1	1
5086	0	0
5087	0	0
5088	0	1
5089	1	1
5090	0	0
5091	1	1
5092	0	0
5093	0	1
5094	0	0
5095	0	0
5096	0	0
5097	1	1
5098	1	1
5099	1	1
5100	1	1
5101	0	1
5102	0	0
5103	0	0
5104	0	1
5105	1	1
5106	1	0
5107	1	1
5108	0	0
5109	1	1
5110	1	1
5111	1	0
5112	0	0
5113	1	1
5114	0	0
5115	1	1
5116	1	1
5117	0	0
5118	1	1
5119	1	1
5120	0	1
5121	0	0
5122	1	1
5123	1	1
5124	1	1
5125	1	1
5126	1	1
5127	1	0
5128	1	1
5129	0	1
5130	1	0
5131	1	1
5132	0	0
5133	1	1
5134	1	1
5135	1	1
5136	0	0
5137	0	0
5138	1	1
5139	1	1
5140	0	1
5141	1	1
5142	1	1
5143	1	1
5144	0	1
5145	0	1
5146	1	1
5147	1	1
5148	1	1
5149	0	0
5150	1	1
5151	1	1
5152	0	0
5153	1	1
5154	1	1
5155	1	1
5156	1	1
5157	1	1
5158	1	1
5159	0	0
5160	0	0
5161	0	1
5162	1	1
5163	1	1
5164	1	1
5165	0	0
5166	1	1
5167	1	1
5168	1	1
5169	0	1
5170	0	0
5171	1	1
5172	0	0
5173	0	0
5174	1	1
5175	1	1
5176	0	0
5177	1	1
5178	0	0
5179	0	0
5180	1	1
5181	0	1
5182	0	0
5183	0	0
5184	1	1
5185	1	1
5186	0	1
5187	0	0
5188	1	1
5189	1	1
5190	1	1
5191	1	1
5192	1	1
5193	0	0
5194	1	1
5195	0	0
5196	1	1
5197	1	1
5198	1	1
5199	1	1
5200	0	0
5201	0	0
5202	1	1
5203	0	0
5204	1	1
5205	1	1
5206	1	1
5207	0	0
5208	0	0
5209	1	0
5210	0	0
5211	0	0
5212	0	0
5213	0	0
5214	1	0
5215	1	1
5216	1	1
5217	1	1
5218	1	1
5219	0	0
5220	0	0
5221	1	1
5222	1	1
5223	1	1
5224	0	0
5225	0	1
5226	0	0
5227	1	1
5228	1	0
5229	1	1
5230	0	0
5231	0	0
5232	1	1
5233	1	1
5234	1	1
5235	1	1
5236	1	1
5237	1	1
5238	1	1
5239	1	1
5240	1	1
5241	1	0
5242	1	1
5243	1	1
5244	0	0
5245	0	0
5246	0	0
5247	1	1
5248	1	0
5249	0	1
5250	0	0
5251	0	1
5252	1	1
5253	1	1
5254	1	1
5255	1	1
5256	0	0
5257	1	1
5258	1	1
5259	1	1
5260	1	1
5261	1	1
5262	0	0
5263	1	1
5264	1	1
5265	1	0
5266	1	1
5267	1	1
5268	1	1
5269	0	0
5270	1	1
5271	0	1
5272	1	1
5273	1	0
5274	1	1
5275	1	1
5276	1	1
5277	1	1
5278	1	1
5279	0	0
5280	0	0
5281	1	0
5282	1	1
5283	1	1
5284	1	1
5285	0	0
5286	0	0
5287	0	0
5288	1	1
5289	1	1
5290	1	1
5291	0	0
5292	1	1
5293	1	0
5294	1	1
5295	1	1
5296	0	1
5297	1	1
5298	0	1
5299	1	1
5300	1	1
5301	1	1
5302	0	1
5303	0	0
5304	0	0
5305	1	1
5306	0	0
5307	0	1
5308	1	1
5309	1	1
5310	1	0
5311	0	1
5312	1	1
5313	0	1
5314	1	1
5315	0	0
5316	0	0
5317	0	0
5318	1	1
5319	0	0
5320	1	1
5321	1	1
5322	0	0
5323	0	0
5324	1	1
5325	0	0
5326	0	0
5327	0	0
5328	1	1
5329	0	0
5330	0	0
5331	1	0
5332	1	1
5333	1	1
5334	0	0
5335	0	0
5336	1	1
5337	0	0
5338	1	1
5339	1	0
5340	1	1
5341	1	1
5342	1	1
5343	1	1
5344	0	0
5345	1	1
5346	1	0
5347	0	0
5348	1	1
5349	1	1
5350	1	1
5351	1	1
5352	1	0
5353	1	1
5354	0	0
5355	0	0
5356	0	0
5357	0	0
5358	1	1
5359	1	0
5360	1	1
5361	1	1
5362	1	1
5363	1	1
5364	0	1
5365	1	1
5366	1	0
5367	1	1
5368	0	0
5369	0	0
5370	1	0
5371	1	0
5372	1	1
5373	1	1
5374	1	1
5375	1	1
5376	1	1
5377	1	1
5378	0	0
5379	0	1
5380	0	0
5381	0	1
5382	1	1
5383	1	1
5384	1	1
5385	1	1
5386	1	0
5387	1	1
5388	1	1
5389	1	1
5390	0	0
5391	1	0
5392	1	1
5393	1	1
5394	1	1
5395	0	0
5396	1	1
5397	1	0
5398	1	1
5399	1	0
5400	1	1
5401	0	0
5402	0	0
5403	0	1
5404	1	1
5405	0	0
5406	1	0
5407	0	0
5408	1	1
5409	0	1
5410	1	1
5411	1	1
5412	0	0
5413	0	0
5414	0	0
5415	0	0
5416	1	1
5417	1	0
5418	1	1
5419	1	1
5420	0	1
5421	0	1
5422	0	0
5423	1	1
5424	1	1
5425	1	1
5426	0	0
5427	1	1
5428	1	1
5429	0	0
5430	0	0
5431	1	1
5432	1	0
5433	1	1
5434	0	1
5435	0	0
5436	0	0
5437	0	0
5438	1	1
5439	1	1
5440	1	1
5441	1	1
5442	1	1
5443	1	1
5444	1	0
5445	1	1
5446	1	1
5447	1	1
5448	1	1
5449	0	0
5450	1	1
5451	1	1
5452	0	0
5453	1	1
5454	0	0
5455	0	0
5456	0	0
5457	1	1
5458	0	0
5459	1	1
5460	1	1
5461	1	1
5462	0	1
5463	1	0
5464	0	1
5465	1	0
5466	1	1
5467	0	0
5468	1	1
5469	1	1
5470	1	1
5471	0	0
5472	1	1
5473	0	0
5474	1	1
5475	1	1
5476	1	0
5477	1	1
5478	1	1
5479	0	0
5480	1	0
5481	1	1
5482	0	0
5483	0	0
5484	1	1
5485	1	1
5486	0	1
5487	1	0
5488	0	0
5489	1	1
5490	1	1
5491	0	0
5492	0	1
5493	1	1
5494	1	1
5495	1	1
5496	0	1
5497	0	1
5498	1	1
5499	1	0
5500	0	0
5501	1	1
5502	1	1
5503	1	0
5504	0	1
5505	0	0
5506	1	1
5507	0	0
5508	1	1
5509	0	0
5510	0	0
5511	1	1
5512	1	1
5513	1	1
5514	1	1
5515	0	1
5516	1	0
5517	0	0
5518	1	0
5519	1	1
5520	0	0
5521	1	1
5522	0	0
5523	1	1
5524	1	1
5525	1	1
5526	1	1
5527	1	1
5528	1	1
5529	0	0
5530	0	0
5531	1	1
5532	0	1
5533	1	1
5534	1	1
5535	1	1
5536	1	1
5537	1	1
5538	1	1
5539	1	1
5540	1	1
5541	0	0
5542	1	1
5543	1	1
5544	0	0
5545	0	0
5546	0	0
5547	0	1
5548	1	0
5549	1	1
5550	1	1
5551	1	1
5552	1	1
5553	1	1
5554	1	0
5555	1	1
5556	1	1
5557	0	0
5558	1	1
5559	1	1
5560	1	1
5561	1	1
5562	1	1
5563	0	1
5564	1	1
5565	1	1
5566	1	1
5567	1	1
5568	1	1
5569	0	1
5570	1	1
5571	0	1
5572	1	1
5573	0	0
5574	0	0
5575	0	0
5576	1	1
5577	1	1
5578	1	1
5579	1	1
5580	1	1
5581	1	1
5582	0	0
5583	0	0
5584	0	1
5585	1	1
5586	1	1
5587	1	0
5588	1	1
5589	1	1
5590	1	1
5591	1	1
5592	1	1
5593	1	1
5594	1	1
5595	0	0
5596	1	1
5597	1	0
5598	0	1
5599	1	1
5600	1	1
5601	1	1
5602	1	1
5603	0	1
5604	1	0
5605	0	0
5606	1	1
5607	0	1
5608	0	1
5609	1	1
5610	0	0
5611	0	0
5612	1	1
5613	0	1
5614	0	0
5615	1	1
5616	0	0
5617	1	1
5618	1	1
5619	1	1
5620	1	1
5621	1	1
5622	1	1
5623	1	1
5624	0	1
5625	1	1
5626	1	1
5627	1	1
5628	1	1
5629	1	1
5630	0	0
5631	1	1
5632	0	1
5633	0	0
5634	0	0
5635	1	0
5636	1	1
5637	0	1
5638	1	1
5639	1	1
5640	1	1
5641	1	1
5642	1	1
5643	0	0
5644	0	1
5645	0	0
5646	1	1
5647	1	0
5648	1	1
5649	1	1
5650	1	1
5651	1	1
5652	1	1
5653	0	0
5654	1	1
5655	0	0
5656	1	1
5657	1	0
5658	1	1
5659	1	1
5660	0	1
5661	0	0
5662	1	1
5663	0	0
5664	1	0
5665	1	1
5666	0	0
5667	0	1
5668	1	1
5669	0	1
5670	1	1
5671	1	0
5672	0	0
5673	1	1
5674	1	0
5675	1	1
5676	1	1
5677	1	1
5678	1	1
5679	1	1
5680	0	0
5681	0	0
5682	1	1
5683	1	0
5684	0	1
5685	0	0
5686	0	0
5687	0	1
5688	1	0
5689	1	1
5690	1	1
5691	1	1
5692	1	1
5693	1	1
5694	1	1
5695	1	0
5696	0	1
5697	0	1
5698	1	0
5699	0	1
5700	0	0
5701	1	1
5702	0	0
5703	0	0
5704	1	0
5705	1	1
5706	1	1
5707	0	0
5708	1	1
5709	1	1
5710	0	0
5711	1	1
5712	1	0
5713	0	1
5714	0	0
5715	1	1
5716	1	1
5717	0	0
5718	1	1
5719	1	1
5720	1	1
5721	1	1
5722	1	1
5723	0	0
5724	1	1
5725	1	1
5726	0	1
5727	0	0
5728	1	1
5729	1	1
5730	0	0
5731	1	1
5732	0	1
5733	0	1
5734	0	1
5735	0	0
5736	0	0
5737	1	1
5738	1	0
5739	1	1
5740	0	0
5741	1	1
5742	1	1
5743	1	1
5744	0	0
5745	1	1
5746	1	0
5747	1	1
5748	1	1
5749	1	1
5750	1	1
5751	1	1
5752	0	0
5753	0	0
5754	1	1
5755	1	0
5756	0	0
5757	0	0
5758	1	1
5759	0	0
5760	1	1
5761	1	1
5762	1	1
5763	0	0
5764	1	1
5765	0	0
5766	1	1
5767	0	0
5768	1	1
5769	1	1
5770	0	0
5771	1	1
5772	0	0
5773	1	1
5774	1	1
5775	0	0
5776	1	1
5777	1	1
5778	0	0
5779	1	1
5780	1	1
5781	1	1
5782	0	0
5783	1	1
5784	0	0
5785	0	0
5786	1	0
5787	1	1
5788	1	1
5789	1	1
5790	1	0
5791	0	0
5792	0	0
5793	1	1
5794	0	0
5795	1	1
5796	1	1
5797	0	0
5798	1	0
5799	1	1
5800	0	1
5801	1	1
5802	0	0
5803	1	1
5804	1	1
5805	0	0
5806	1	1
5807	1	1
5808	1	1
5809	0	0
5810	1	1
5811	1	1
5812	1	1
5813	1	1
5814	1	1
5815	1	1
5816	1	1
5817	0	0
5818	0	0
5819	0	0
5820	0	0
5821	1	1
5822	1	1
5823	1	1
5824	0	0
5825	1	1
5826	1	1
5827	0	0
5828	0	0
5829	1	1
5830	0	0
5831	0	0
5832	1	1
5833	1	1
5834	1	0
5835	0	0
5836	0	0
5837	1	1
5838	1	1
5839	1	1
5840	1	1
5841	0	0
5842	0	0
5843	0	0
5844	1	1
5845	1	1
5846	0	0
5847	1	1
5848	1	1
5849	0	0
5850	1	0
5851	1	1
5852	0	0
5853	1	1
5854	1	1
5855	0	1
5856	0	0
5857	0	0
5858	1	0
5859	1	1
5860	0	0
5861	1	1
5862	0	1
5863	1	1
5864	0	0
5865	1	1
5866	1	1
5867	1	1
5868	1	1
5869	0	0
5870	1	1
5871	0	0
5872	1	0
5873	0	0
5874	0	0
5875	1	1
5876	1	1
5877	1	1
5878	1	1
5879	0	0
5880	0	0
5881	1	1
5882	1	1
5883	0	0
5884	1	1
5885	1	1
5886	1	1
5887	1	0
5888	1	1
5889	0	1
5890	1	1
5891	0	0
5892	0	0
5893	0	1
5894	1	1
5895	1	1
5896	1	1
5897	1	1
5898	0	0
5899	1	1
5900	0	0
5901	1	1
5902	0	0
5903	1	1
5904	1	1
5905	1	1
5906	1	1
5907	0	0
5908	1	1
5909	1	0
5910	0	1
5911	1	1
5912	1	1
5913	1	1
5914	1	1
5915	1	1
5916	1	1
5917	0	0
5918	1	1
5919	1	1
5920	0	0
5921	1	1
5922	1	1
5923	1	1
5924	1	1
5925	1	1
5926	0	0
5927	1	0
5928	1	1
5929	0	0
5930	0	0
5931	1	1
5932	1	1
5933	1	1
5934	1	1
5935	0	0
5936	1	1
5937	1	0
5938	1	1
5939	1	1
5940	0	0
5941	1	1
5942	0	0
5943	0	1
5944	0	0
5945	0	0
5946	0	0
5947	0	0
5948	0	1
5949	0	0
5950	1	1
5951	0	0
5952	1	1
5953	0	1
5954	0	0
5955	1	1
5956	1	1
5957	1	1
5958	0	0
5959	0	0
5960	1	1
5961	0	1
5962	1	1
5963	1	1
5964	1	1
5965	0	0
5966	1	1
5967	1	1
5968	1	0
5969	0	0
5970	1	0
5971	1	1
5972	1	0
5973	0	0
5974	0	0
5975	1	1
5976	1	1
5977	1	1
5978	1	1
5979	1	1
5980	1	0
5981	0	1
5982	1	1
5983	0	0
5984	1	1
5985	0	0
5986	1	1
5987	0	0
5988	1	1
5989	1	1
5990	1	1
5991	0	1
5992	0	0
5993	0	0
5994	1	1
5995	1	1
5996	1	1
5997	0	1
5998	1	1
5999	1	1
6000	1	1
6001	0	0
6002	0	0
6003	0	1
6004	0	0
6005	1	1
6006	0	1
6007	1	1
6008	1	1
6009	1	1
6010	1	1
6011	1	1
6012	0	0
6013	0	0
6014	1	1
6015	1	1
6016	1	1
6017	1	0
6018	1	1
6019	1	0
6020	1	1
6021	1	1
6022	0	0
6023	1	1
6024	1	0
6025	0	0
6026	1	1
6027	1	1
6028	1	0
6029	1	0
6030	0	0
6031	1	1
6032	1	1
6033	1	1
6034	1	1
6035	1	1
6036	0	1
6037	0	0
6038	0	0
6039	0	0
6040	0	0
6041	0	0
6042	1	1
6043	1	1
6044	1	0
6045	1	1
6046	1	0
6047	0	1
6048	1	1
6049	1	1
6050	1	1
6051	0	1
6052	0	0
6053	1	1
6054	1	1
6055	0	1
6056	1	1
6057	1	0
6058	0	1
6059	1	1
6060	0	0
6061	0	0
6062	1	1
6063	1	1
6064	1	1
6065	0	0
6066	1	1
6067	1	1
6068	0	0
6069	1	1
6070	0	0
6071	0	0
6072	0	0
6073	0	0
6074	0	0
6075	1	1
6076	1	0
6077	0	0
6078	1	0
6079	1	1
6080	0	0
6081	0	1
6082	1	1
6083	0	0
6084	1	1
6085	0	0
6086	1	1
6087	1	1
6088	1	0
6089	1	1
6090	1	1
6091	0	0
6092	1	1
6093	1	1
6094	0	0
6095	1	1
6096	1	0
6097	1	0
6098	1	0
6099	1	1
6100	1	0
6101	1	1
6102	0	0
6103	1	1
6104	1	1
6105	0	0
6106	0	1
6107	0	0
6108	1	1
6109	1	1
6110	0	0
6111	1	1
6112	1	1
6113	0	1
6114	1	1
6115	1	1
6116	1	1
6117	0	1
6118	1	1
6119	1	1
6120	1	1
6121	1	1
6122	0	0
6123	1	1
6124	1	1
6125	1	1
6126	1	1
6127	1	0
6128	1	1
6129	0	0
6130	0	1
6131	1	1
6132	0	0
6133	1	0
6134	1	0
6135	1	1
6136	1	1
6137	1	1
6138	0	1
6139	1	1
6140	0	1
6141	0	0
6142	1	1
6143	1	1
6144	0	0
6145	0	0
6146	1	1
6147	1	1
6148	0	0
6149	1	1
6150	0	0
6151	1	1
6152	1	1
6153	0	0
6154	0	0
6155	1	1
6156	1	1
6157	1	1
6158	1	1
6159	1	1
6160	1	1
6161	1	1
6162	0	0
6163	0	0
6164	1	1
6165	0	0
6166	1	1
6167	0	0
6168	0	0
6169	0	1
6170	0	0
6171	1	1
6172	0	0
6173	0	0
6174	1	1
6175	1	1
6176	1	1
6177	0	0
6178	0	0
6179	1	1
6180	0	0
6181	1	1
6182	1	1
6183	1	1
6184	1	1
6185	0	0
6186	0	1
6187	1	0
6188	0	0
6189	1	1
6190	0	0
6191	1	1
6192	1	0
6193	1	0
6194	1	1
6195	1	1
6196	0	0
6197	1	1
6198	0	0
6199	1	1
6200	1	1
6201	0	0
6202	0	0
6203	1	0
6204	1	0
6205	1	0
6206	1	1
6207	1	1
6208	1	1
6209	1	1
6210	1	1
6211	1	1
6212	0	0
6213	1	1
6214	1	1
6215	1	1
6216	1	1
6217	0	0
6218	1	1
6219	0	0
6220	1	0
6221	0	0
6222	1	0
6223	0	0
6224	1	1
6225	1	0
6226	1	1
6227	1	1
6228	1	1
6229	1	1
6230	1	1
6231	1	1
6232	1	1
6233	1	1
6234	0	1
6235	0	1
6236	1	1
6237	1	0
6238	0	0
6239	1	1
6240	0	0
6241	0	0
6242	1	1
6243	1	0
6244	1	1
6245	0	1
6246	1	0
6247	0	1
6248	1	0
6249	0	0
6250	1	1
6251	0	0
6252	1	1
6253	1	1
6254	0	0
6255	0	0
6256	1	1
6257	1	1
6258	0	0
6259	0	0
6260	1	0
6261	1	1
6262	1	1
6263	1	0
6264	1	1
6265	0	0
6266	1	1
6267	1	1
6268	1	1
6269	1	0
6270	1	1
6271	0	0
6272	0	1
6273	0	0
6274	1	0
6275	0	0
6276	1	1
6277	1	1
6278	1	1
6279	1	1
6280	0	1
6281	1	1
6282	1	1
6283	1	1
6284	0	0
6285	0	1
6286	1	1
6287	1	0
6288	1	1
6289	1	1
6290	1	1
6291	1	1
6292	1	1
6293	0	0
6294	0	0
6295	1	1
6296	1	1
6297	1	1
6298	1	1
6299	0	0
6300	1	1
6301	0	0
6302	0	1
6303	1	1
6304	0	0
6305	1	0
6306	1	1
6307	0	0
6308	0	0
6309	0	1
6310	1	1
6311	1	1
6312	0	1
6313	0	0
6314	1	0
6315	1	1
6316	0	0
6317	1	1
6318	1	1
6319	1	1
6320	0	0
6321	1	1
6322	0	0
6323	1	0
6324	1	1
6325	1	1
6326	0	0
6327	1	1
6328	0	0
6329	1	1
6330	1	1
6331	1	1
6332	1	1
6333	1	0
6334	1	0
6335	1	1
6336	1	1
6337	1	1
6338	1	0
6339	1	1
6340	0	0
6341	0	0
6342	1	1
6343	1	1
6344	1	1
6345	1	1
6346	0	0
6347	1	1
6348	1	1
6349	0	0
6350	1	1
6351	1	0
6352	0	0
6353	0	1
6354	1	1
6355	1	1
6356	1	1
6357	1	1
6358	0	0
6359	1	0
6360	1	0
6361	0	0
6362	1	1
6363	0	1
6364	1	1
6365	1	1
6366	1	1
6367	1	1
6368	1	1
6369	1	1
6370	0	0
6371	0	0
6372	0	0
6373	0	0
6374	1	1
6375	0	0
6376	0	1
6377	1	0
6378	1	1
6379	1	1
6380	1	1
6381	1	1
6382	1	1
6383	0	0
6384	1	1
6385	0	0
6386	0	1
6387	1	1
6388	1	1
6389	1	1
6390	1	1
6391	0	0
6392	1	1
6393	1	0
6394	1	1
6395	0	0
6396	1	1
6397	1	1
6398	1	1
6399	0	0
6400	1	0
6401	1	1
6402	1	1
6403	1	0
6404	0	0
6405	0	0
6406	0	1
6407	0	0
6408	0	0
6409	0	0
6410	1	1
6411	0	0
6412	1	1
6413	0	0
6414	1	1
6415	1	1
6416	1	0
6417	0	0
6418	1	1
6419	1	1
6420	1	1
6421	0	0
6422	1	1
6423	0	1
6424	0	0
6425	1	1
6426	1	1
6427	1	1
6428	1	1
6429	1	1
6430	1	1
6431	0	0
6432	1	1
6433	0	0
6434	0	0
6435	0	0
6436	1	1
6437	1	0
6438	1	1
6439	0	0
6440	1	0
6441	1	0
6442	1	1
6443	0	0
6444	1	1
6445	0	1
6446	0	0
6447	0	0
6448	1	1
6449	1	1
6450	1	0
6451	1	1
6452	0	0
6453	1	1
6454	1	0
6455	0	1
6456	1	1
6457	0	0
6458	1	1
6459	0	0
6460	0	0
6461	0	0
6462	0	1
6463	0	0
6464	0	0
6465	1	1
6466	1	1
6467	0	1
6468	1	1
6469	1	1
6470	1	1
6471	1	1
6472	0	0
6473	1	1
6474	1	1
6475	0	1
6476	0	0
6477	0	0
6478	1	1
6479	1	1
6480	1	1
6481	1	1
6482	1	1
6483	1	1
6484	1	1
6485	1	1
6486	1	1
6487	1	1
6488	1	1
6489	1	1
6490	0	0
6491	1	1
6492	0	0
6493	1	1
6494	0	0
6495	1	1
6496	1	1
6497	0	0
6498	0	0
6499	1	1
6500	1	1
6501	1	1
6502	1	1
6503	1	1
6504	1	0
6505	1	1
6506	1	1
6507	0	1
6508	1	1
6509	1	1
6510	1	1
6511	0	0
6512	1	0
6513	1	1
6514	1	1
6515	0	0
6516	1	1
6517	1	1
6518	1	1
6519	1	0
6520	1	1
6521	0	1
6522	1	1
6523	0	1
6524	0	0
6525	1	1
6526	1	1
6527	1	1
6528	1	1
6529	0	0
6530	0	0
6531	1	1
6532	1	1
6533	0	1
6534	1	1
6535	0	0
6536	0	1
6537	1	0
6538	1	1
6539	1	1
6540	1	1
6541	0	0
6542	1	0
6543	0	0
6544	1	1
6545	1	1
6546	1	1
6547	1	1
6548	0	1
6549	1	1
6550	1	1
6551	0	0
6552	1	1
6553	1	0
6554	1	1
6555	1	0
6556	1	1
6557	1	1
6558	1	1
6559	1	1
6560	0	0
6561	1	1
6562	1	1
6563	1	1
6564	0	0
6565	0	0
6566	1	1
6567	1	1
6568	0	0
6569	1	0
6570	1	1
6571	0	1
6572	0	0
6573	1	1
6574	0	1
6575	1	1
6576	1	1
6577	0	0
6578	0	0
6579	0	0
6580	0	0
6581	1	1
6582	1	1
6583	0	0
6584	1	1
6585	0	0
6586	0	0
6587	0	0
6588	1	0
6589	1	0
6590	1	1
6591	1	1
6592	1	1
6593	0	0
6594	1	0
6595	1	1
6596	1	1
6597	0	0
6598	0	0
6599	1	1
6600	0	0
6601	0	0
6602	1	1
6603	1	1
6604	1	1
6605	0	0
6606	0	0
6607	1	1
6608	0	0
6609	1	1
6610	1	1
6611	1	1
6612	1	1
6613	1	1
6614	1	1
6615	1	1
6616	1	0
6617	1	1
6618	1	1
6619	0	1
6620	0	0
6621	1	1
6622	1	1
6623	1	1
6624	1	1
6625	1	0
6626	1	1
6627	1	1
6628	1	1
6629	1	1
6630	0	0
6631	1	1
6632	0	0
6633	0	0
6634	1	1
6635	0	0
6636	0	0
6637	1	0
6638	0	0
6639	1	1
6640	1	1
6641	1	1
6642	0	0
6643	1	1
6644	1	1
6645	1	1
6646	1	1
6647	1	1
6648	1	1
6649	0	1
6650	0	1
6651	1	0
6652	1	0
6653	0	0
6654	1	1
6655	0	1
6656	1	0
6657	1	1
6658	1	1
6659	0	0
6660	0	0
6661	1	1
6662	1	1
6663	0	1
6664	1	1
6665	1	1
6666	1	1
6667	1	1
6668	0	1
6669	0	0
6670	0	1
6671	1	1
6672	1	1
6673	0	0
6674	1	1
6675	1	1
6676	0	1
6677	0	0
6678	0	1
6679	1	1
6680	1	1
6681	0	0
6682	0	0
6683	1	1
6684	1	1
6685	0	0
6686	1	0
6687	1	1
6688	1	1
6689	1	1
6690	1	1
6691	1	1
6692	1	1
6693	1	0
6694	1	1
6695	1	0
6696	0	0
6697	1	1
6698	1	1
6699	1	1
6700	1	1
6701	1	1
6702	0	1
6703	0	0
6704	0	0
6705	1	1
6706	1	1
6707	1	1
6708	1	1
6709	1	1
6710	0	1
6711	0	0
6712	1	1
6713	1	0
6714	1	1
6715	0	0
6716	1	1
6717	1	0
6718	0	0
6719	0	1
6720	1	1
6721	0	1
6722	0	0
6723	1	1
6724	1	1
6725	1	1
6726	1	1
6727	0	0
6728	0	0
6729	1	0
6730	1	0
6731	0	0
6732	1	1
6733	1	1
6734	0	0
6735	1	1
6736	0	1
6737	1	1
6738	0	0
6739	0	0
6740	0	0
6741	1	1
6742	1	1
6743	1	1
6744	1	1
6745	0	0
6746	1	1
6747	0	0
6748	1	1
6749	0	0
6750	0	0
6751	1	1
6752	1	1
6753	1	0
6754	0	1
6755	1	1
6756	0	0
6757	1	1
6758	0	0
6759	1	0
6760	1	0
6761	0	0
6762	0	0
6763	0	1
6764	0	0
6765	1	1
6766	1	1
6767	0	0
6768	1	1
6769	1	1
6770	1	1
6771	1	1
6772	1	1
6773	0	0
6774	0	1
6775	1	1
6776	0	0
6777	1	0
6778	1	1
6779	0	1
6780	1	1
6781	1	1
6782	1	1
6783	1	1
6784	1	1
6785	1	1
6786	1	1
6787	0	0
6788	1	1
6789	1	1
6790	1	1
6791	0	0
6792	0	0
6793	1	1
6794	1	1
6795	0	0
6796	1	1
6797	0	1
6798	1	1
6799	0	1
6800	0	0
6801	1	1
6802	1	1
6803	1	1
6804	0	1
6805	1	1
6806	1	1
6807	0	0
6808	1	1
6809	1	1
6810	1	1
6811	1	0
6812	1	1
6813	1	1
6814	1	1
6815	1	1
6816	0	0
6817	0	0
6818	0	0
6819	0	0
6820	1	0
6821	1	1
6822	1	1
6823	0	0
6824	1	1
6825	1	1
6826	0	1
6827	1	1
6828	1	1
6829	1	1
6830	1	1
6831	1	1
6832	1	1
6833	1	1
6834	1	1
6835	0	0
6836	1	1
6837	1	1
6838	1	1
6839	1	1
6840	1	1
6841	0	0
6842	1	0
6843	1	1
6844	0	1
6845	0	0
6846	0	1
6847	1	1
6848	0	0
6849	1	0
6850	0	0
6851	1	1
6852	0	1
6853	1	1
6854	0	0
6855	1	1
6856	1	1
6857	1	1
6858	0	0
6859	0	0
6860	1	1
6861	1	1
6862	0	0
6863	1	0
6864	1	1
6865	0	0
6866	0	0
6867	0	0
6868	1	1
6869	1	0
6870	0	1
6871	1	1
6872	1	1
6873	0	0
6874	1	1
6875	1	1
6876	1	1
6877	1	1
6878	0	0
6879	0	0
6880	1	1
6881	0	1
6882	0	0
6883	0	0
6884	1	0
6885	1	1
6886	1	1
6887	1	1
6888	0	0
6889	1	1
6890	1	1
6891	0	0
6892	1	0
6893	0	0
6894	1	1
6895	1	1
6896	1	1
6897	1	1
6898	0	0
6899	1	1
6900	0	0
6901	0	0
6902	0	0
6903	1	1
6904	1	0
6905	1	1
6906	1	1
6907	1	0
6908	0	0
6909	1	0
6910	1	1
6911	1	1
6912	1	1
6913	1	1
6914	0	0
6915	1	1
6916	0	0
6917	1	1
6918	1	1
6919	1	1
6920	0	0
6921	1	1
6922	1	1
6923	1	1
6924	1	1
6925	0	1
6926	1	1
6927	1	0
6928	1	1
6929	1	1
6930	1	1
6931	1	1
6932	0	0
6933	1	1
6934	1	0
6935	0	0
6936	1	1
6937	1	1
6938	1	0
6939	1	0
6940	0	0
6941	0	0
6942	1	1
6943	1	0
6944	0	0
6945	1	1
6946	1	1
6947	0	0
6948	0	0
6949	0	1
6950	1	1
6951	1	1
6952	1	0
6953	0	1
6954	1	1
6955	1	1
6956	1	1
6957	0	0
6958	0	0
6959	0	1
6960	1	1
6961	1	1
6962	0	0
6963	1	1
6964	1	1
6965	1	1
6966	1	1
6967	1	1
6968	1	1
6969	0	0
6970	0	0
6971	0	1
6972	0	1
6973	1	0
6974	1	1
6975	1	1
6976	0	0
6977	1	1
6978	1	0
6979	0	0
6980	0	0
6981	1	1
6982	0	0
6983	1	1
6984	0	0
6985	0	0
6986	1	1
6987	1	1
6988	0	0
6989	0	0
6990	0	0
6991	1	0
6992	0	0
6993	1	1
6994	1	1
6995	0	0
6996	1	1
6997	1	1
6998	1	1
6999	1	1
7000	0	0
7001	0	0
7002	1	1
7003	0	0
7004	1	1
7005	0	1
7006	1	1
7007	1	1
7008	0	0
7009	0	1
7010	0	0
7011	0	0
7012	0	0
7013	0	1
7014	1	1
7015	0	0
7016	1	1
7017	1	0
7018	1	1
7019	0	0
7020	1	1
7021	1	1
7022	0	1
7023	1	1
7024	1	1
7025	0	0
7026	0	0
7027	0	1
7028	1	1
7029	0	0
7030	1	1
7031	1	1
7032	1	1
7033	0	0
7034	1	1
7035	1	1
7036	1	1
7037	0	0
7038	1	1
7039	0	0
7040	1	1
7041	0	0
7042	1	1
7043	0	0
7044	0	0
7045	1	1
7046	0	0
7047	0	0
7048	0	0
7049	1	1
7050	1	1
7051	1	1
7052	0	0
7053	0	0
7054	1	1
7055	1	1
7056	1	0
7057	0	0
7058	1	1
7059	0	1
7060	1	1
7061	0	1
7062	1	1
7063	0	0
7064	1	1
7065	1	1
7066	1	1
7067	1	1
7068	1	1
7069	1	1
7070	1	0
7071	1	1
7072	1	1
7073	1	1
7074	1	1
7075	1	0
7076	0	1
7077	1	1
7078	0	1
7079	0	0
7080	1	1
7081	1	1
7082	0	1
7083	0	0
7084	1	0
7085	1	1
7086	1	1
7087	1	1
7088	1	1
7089	0	0
7090	1	1
7091	1	1
7092	1	1
7093	1	1
7094	0	0
7095	1	1
7096	1	1
7097	0	1
7098	0	0
7099	1	1
7100	1	1
7101	1	1
7102	0	0
7103	1	1
7104	0	0
7105	0	0
7106	0	0
7107	1	0
7108	0	0
7109	0	1
7110	1	1
7111	1	1
7112	1	1
7113	1	1
7114	1	1
7115	1	0
7116	1	0
7117	1	1
7118	1	1
7119	1	1
7120	1	0
7121	1	0
7122	1	1
7123	1	1
7124	0	0
7125	1	1
7126	0	0
7127	0	0
7128	1	0
7129	0	0
7130	0	0
7131	1	0
7132	0	0
7133	1	1
7134	1	1
7135	1	1
7136	1	0
7137	1	1
7138	0	0
7139	1	1
7140	1	0
7141	0	0
7142	0	0
7143	1	1
7144	0	1
7145	1	1
7146	0	0
7147	0	0
7148	1	1
7149	0	0
7150	0	0
7151	1	1
7152	1	1
7153	0	0
7154	0	0
7155	1	1
7156	1	1
7157	1	1
7158	1	1
7159	1	1
7160	0	1
7161	1	1
7162	1	1
7163	0	1
7164	0	0
7165	1	1
7166	1	1
7167	0	1
7168	0	0
7169	1	1
7170	0	1
7171	1	1
7172	0	0
7173	0	0
7174	0	0
7175	1	1
7176	1	0
7177	0	0
7178	1	1
7179	1	1
7180	0	0
7181	0	0
7182	0	0
7183	1	1
7184	1	1
7185	1	1
7186	1	1
7187	1	1
7188	1	1
7189	0	0
7190	1	1
7191	1	1
7192	0	0
7193	0	0
7194	0	0
7195	1	1
7196	0	0
7197	1	1
7198	1	1
7199	0	0
7200	0	1
7201	0	0
7202	1	1
7203	0	0
7204	1	1
7205	1	1
7206	1	1
7207	1	1
7208	0	0
7209	0	0
7210	0	0
7211	1	1
7212	1	0
7213	1	1
7214	1	1
7215	0	0
7216	1	1
7217	0	1
7218	1	1
7219	1	1
7220	1	1
7221	1	1
7222	1	1
7223	0	0
7224	1	0
7225	1	0
7226	1	1
7227	1	1
7228	0	1
7229	1	1
7230	0	0
7231	0	1
7232	1	1
7233	1	1
7234	0	0
7235	0	0
7236	1	1
7237	0	0
7238	0	0
7239	1	1
7240	1	1
7241	1	1
7242	1	1
7243	1	1
7244	0	0
7245	1	1
7246	1	0
7247	1	1
7248	1	1
7249	1	1
7250	1	0
7251	1	1
7252	1	1
7253	1	1
7254	1	1
7255	1	0
7256	1	1
7257	1	1
7258	1	0
7259	1	1
7260	1	1
7261	0	0
7262	1	1
7263	1	1
7264	0	0
7265	0	1
7266	1	1
7267	1	1
7268	0	1
7269	0	0
7270	0	0
7271	1	1
7272	1	0
7273	0	0
7274	1	1
7275	1	1
7276	1	1
7277	0	0
7278	1	1
7279	0	0
7280	1	1
7281	0	0
7282	0	0
7283	1	1
7284	0	0
7285	0	0
7286	0	0
7287	1	1
7288	1	1
7289	0	0
7290	1	1
7291	0	0
7292	1	1
7293	0	1
7294	0	1
7295	1	1
7296	0	0
7297	0	0
7298	1	1
7299	1	1
7300	1	1
7301	1	1
7302	1	1
7303	0	1
7304	1	1
7305	1	1
7306	1	0
7307	1	1
7308	1	0
7309	1	1
7310	1	1
7311	1	0
7312	0	0
7313	1	1
7314	1	1
7315	1	1
7316	0	0
7317	0	0
7318	0	0
7319	0	1
7320	1	1
7321	1	1
7322	1	1
7323	0	0
7324	1	1
7325	1	1
7326	1	1
7327	1	1
7328	0	0
7329	1	0
7330	1	1
7331	1	1
7332	1	1
7333	1	0
7334	1	1
7335	1	1
7336	0	0
7337	1	1
7338	1	0
7339	0	0
7340	0	1
7341	1	1
7342	1	1
7343	0	0
7344	0	0
7345	1	1
7346	1	1
7347	0	0
7348	1	1
7349	1	1
7350	1	1
7351	1	1
7352	1	1
7353	1	1
7354	0	0
7355	0	0
7356	0	0
7357	1	1
7358	1	1
7359	1	1
7360	0	0
7361	1	1
7362	1	0
7363	1	1
7364	0	0
7365	0	0
7366	0	1
7367	1	0
7368	1	1
7369	0	0
7370	1	1
7371	1	1
7372	1	0
7373	1	1
7374	0	0
7375	1	1
7376	1	1
7377	1	1
7378	1	0
7379	1	0
7380	1	1
7381	1	0
7382	1	0
7383	0	0
7384	1	1
7385	0	0
7386	1	0
7387	1	1
7388	1	1
7389	1	1
7390	1	1
7391	0	0
7392	0	0
7393	0	0
7394	0	0
7395	0	0
7396	1	1
7397	0	0
7398	0	0
7399	1	1
7400	0	0
7401	1	1
7402	1	1
7403	1	0
7404	0	0
7405	0	0
7406	0	0
7407	1	1
7408	1	1
7409	1	1
7410	0	0
7411	1	1
7412	0	0
7413	0	0
7414	1	1
7415	1	1
7416	1	0
7417	0	0
7418	0	1
7419	1	0
7420	0	0
7421	0	0
7422	0	0
7423	1	1
7424	0	0
7425	0	0
7426	1	1
7427	1	1
7428	1	1
7429	0	0
7430	0	0
7431	0	1
7432	1	1
7433	1	1
7434	1	1
7435	1	1
7436	1	1
7437	1	1
7438	0	0
7439	1	1
7440	1	1
7441	1	1
7442	0	1
7443	1	1
7444	0	0
7445	1	1
7446	1	0
7447	1	1
7448	1	1
7449	1	1
7450	1	1
7451	1	1
7452	1	1
7453	1	1
7454	1	1
7455	0	0
7456	1	1
7457	1	1
7458	1	1
7459	1	1
7460	1	1
7461	0	0
7462	0	0
7463	1	0
7464	0	0
7465	1	1
7466	1	1
7467	1	1
7468	0	0
7469	1	0
7470	1	1
7471	1	1
7472	1	1
7473	1	1
7474	1	1
7475	1	1
7476	1	1
7477	1	1
7478	0	0
7479	0	0
7480	1	1
7481	0	0
7482	1	1
7483	1	1
7484	1	0
7485	1	1
7486	1	1
7487	0	0
7488	1	1
7489	0	0
7490	0	1
7491	1	1
7492	0	1
7493	1	1
7494	0	0
7495	0	1
7496	1	1
7497	0	1
7498	1	0
7499	1	0
7500	1	1
7501	0	0
7502	1	1
7503	0	0
7504	0	0
7505	0	0
7506	1	1
7507	0	0
7508	1	1
7509	1	1
7510	1	0
7511	1	1
7512	1	1
7513	1	1
7514	1	1
7515	1	1
7516	0	0
7517	0	1
7518	0	0
7519	1	1
7520	1	1
7521	0	0
7522	1	1
7523	1	1
7524	1	0
7525	0	0
7526	0	1
7527	1	1
7528	1	1
7529	0	0
7530	1	1
7531	1	1
7532	0	0
7533	1	1
7534	1	1
7535	1	1
7536	1	1
7537	0	0
7538	0	0
7539	1	1
7540	1	1
7541	0	0
7542	1	1
7543	0	0
7544	0	0
7545	0	0
7546	1	0
7547	0	0
7548	1	1
7549	0	0
7550	1	0
7551	1	1
7552	1	1
7553	0	0
7554	1	1
7555	0	0
7556	1	1
7557	1	1
7558	0	0
7559	1	1
7560	1	0
7561	0	1
7562	0	0
7563	1	1
7564	1	1
7565	1	1
7566	1	1
7567	1	1
7568	1	1
7569	1	0
7570	1	1
7571	1	1
7572	0	1
7573	1	1
7574	1	1
7575	1	0
7576	1	1
7577	0	0
7578	0	0
7579	1	1
7580	0	0
7581	1	1
7582	1	1
7583	0	0
7584	1	1
7585	1	1
7586	0	1
7587	0	0
7588	1	1
7589	1	1
7590	0	0
7591	1	1
7592	1	1
7593	1	1
7594	0	0
7595	1	1
7596	1	1
7597	1	0
7598	0	0
7599	1	1
7600	0	1
7601	1	1
7602	0	0
7603	1	1
7604	0	1
7605	1	1
7606	1	1
7607	1	0
7608	1	0
7609	1	1
7610	1	1
7611	0	0
7612	1	1
7613	1	1
7614	1	1
7615	1	1
7616	0	0
7617	1	1
7618	1	1
7619	1	1
7620	1	1
7621	1	1
7622	0	0
7623	0	0
7624	1	1
7625	1	1
7626	0	0
7627	0	0
7628	1	1
7629	1	0
7630	1	0
7631	0	0
7632	1	1
7633	1	1
7634	0	1
7635	0	0
7636	0	0
7637	1	1
7638	1	1
7639	0	0
7640	1	1
7641	0	1
7642	1	1
7643	1	0
7644	1	1
7645	1	1
7646	0	0
7647	1	1
7648	1	1
7649	0	0
7650	1	1
7651	1	1
7652	1	1
7653	1	1
7654	0	0
7655	0	0
7656	1	1
7657	0	0
7658	0	0
7659	1	0
7660	1	1
7661	0	0
7662	0	0
7663	0	0
7664	1	1
7665	0	1
7666	1	1
7667	1	0
7668	1	1
7669	1	1
7670	1	1
7671	0	1
7672	1	1
7673	1	1
7674	1	1
7675	0	0
7676	1	1
7677	0	1
7678	1	0
7679	0	0
7680	0	0
7681	1	1
7682	1	1
7683	0	1
7684	1	0
7685	0	0
7686	1	1
7687	1	1
7688	1	1
7689	0	1
7690	0	0
7691	0	0
7692	0	0
7693	1	1
7694	1	1
7695	1	1
7696	0	0
7697	0	0
7698	0	1
7699	1	1
7700	0	1
7701	1	1
7702	1	1
7703	0	0
7704	0	1
7705	1	1
7706	0	0
7707	0	1
7708	0	0
7709	0	1
7710	1	1
7711	1	1
7712	0	1
7713	0	0
7714	1	1
7715	1	1
7716	0	0
7717	1	1
7718	1	1
7719	1	1
7720	0	1
7721	1	0
7722	1	1
7723	1	0
7724	0	1
7725	1	1
7726	0	0
7727	1	1
7728	0	0
7729	1	1
7730	0	0
7731	1	0
7732	1	1
7733	1	1
7734	0	0
7735	1	1
7736	1	0
7737	1	1
7738	1	1
7739	0	0
7740	1	1
7741	1	1
7742	1	1
7743	0	0
7744	1	1
7745	1	1
7746	1	1
7747	1	1
7748	0	1
7749	1	1
7750	1	1
7751	0	0
7752	0	0
7753	1	1
7754	1	1
7755	1	1
7756	0	0
7757	1	1
7758	0	0
7759	0	0
7760	1	1
7761	0	0
7762	1	1
7763	1	1
7764	1	1
7765	0	0
7766	0	0
7767	0	0
7768	0	0
7769	1	0
7770	0	0
7771	0	0
7772	1	1
7773	1	1
7774	1	1
7775	1	1
7776	1	0
7777	1	1
7778	0	0
7779	1	1
7780	1	1
7781	0	0
7782	1	1
7783	1	1
7784	0	0
7785	0	0
7786	1	1
7787	1	1
7788	1	1
7789	1	1
7790	1	1
7791	0	0
7792	0	0
7793	1	1
7794	1	1
7795	0	0
7796	1	1
7797	0	0
7798	1	1
7799	1	1
7800	1	1
7801	0	0
7802	0	0
7803	0	0
7804	1	1
7805	1	0
7806	1	1
7807	1	1
7808	1	0
7809	1	1
7810	1	0
7811	1	1
7812	1	1
7813	1	0
7814	1	1
7815	1	1
7816	1	1
7817	1	1
7818	1	1
7819	1	0
7820	1	1
7821	1	1
7822	1	1
7823	0	0
7824	0	0
7825	0	0
7826	1	1
7827	1	0
7828	0	1
7829	0	0
7830	0	0
7831	1	1
7832	1	1
7833	0	1
7834	1	1
7835	0	1
7836	1	1
7837	0	1
7838	0	0
7839	0	0
7840	1	1
7841	1	1
7842	1	1
7843	0	1
7844	0	0
7845	1	0
7846	0	0
7847	1	0
7848	1	0
7849	1	1
7850	1	1
7851	1	1
7852	0	0
7853	0	0
7854	1	1
7855	1	1
7856	1	1
7857	0	0
7858	1	1
7859	1	0
7860	1	0
7861	1	1
7862	1	1
7863	1	1
7864	1	1
7865	1	1
7866	1	0
7867	1	1
7868	1	1
7869	1	1
7870	1	1
7871	0	0
7872	1	1
7873	0	1
7874	1	1
7875	1	1
7876	1	1
7877	1	0
7878	1	1
7879	1	1
7880	1	1
7881	1	1
7882	1	1
7883	1	1
7884	1	0
7885	1	1
7886	0	1
7887	1	1
7888	0	0
7889	1	1
7890	0	1
7891	0	1
7892	1	1
7893	1	1
7894	1	1
7895	1	1
7896	0	0
7897	1	1
7898	1	1
7899	0	0
7900	0	1
7901	1	1
7902	0	0
7903	1	1
7904	1	1
7905	0	0
7906	0	0
7907	1	1
7908	1	1
7909	1	1
7910	0	1
7911	0	1
7912	1	0
7913	1	1
7914	1	1
7915	1	1
7916	1	1
7917	1	0
7918	1	0
7919	0	0
7920	0	0
7921	1	1
7922	1	1
7923	1	1
7924	1	1
7925	0	0
7926	1	1
7927	1	1
7928	1	1
7929	1	1
7930	1	1
7931	1	1
7932	1	1
7933	1	1
7934	1	1
7935	1	1
7936	1	1
7937	1	1
7938	0	0
7939	1	0
7940	1	1
7941	1	1
7942	1	1
7943	0	0
7944	1	1
7945	1	1
7946	1	1
7947	0	1
7948	1	1
7949	1	1
7950	1	1
7951	0	0
7952	0	0
7953	1	1
7954	1	0
7955	1	0
7956	1	1
7957	0	0
7958	0	0
7959	1	1
7960	0	0
7961	1	1
7962	0	1
7963	1	1
7964	1	1
7965	1	1
7966	1	1
7967	0	0
7968	0	1
7969	1	0
7970	0	0
7971	1	1
7972	1	0
7973	1	0
7974	0	0
7975	1	1
7976	0	0
7977	0	0
7978	1	1
7979	1	1
7980	0	0
7981	1	1
7982	0	0
7983	0	0
7984	1	0
7985	1	0
7986	0	0
7987	0	1
7988	1	1
7989	1	1
7990	1	1
7991	1	1
7992	1	1
7993	1	1
7994	1	1
7995	1	1
7996	0	0
7997	1	1
7998	0	0
7999	0	1
8000	1	1
8001	0	0
8002	1	0
8003	1	1
8004	0	1
8005	1	1
8006	1	1
8007	0	0
8008	1	1
8009	1	1
8010	0	0
8011	0	1
8012	1	1
8013	0	0
8014	1	1
8015	1	1
8016	1	1
8017	1	1
8018	1	0
8019	0	0
8020	0	1
8021	1	1
8022	0	1
8023	0	0
8024	0	0
8025	1	1
8026	1	1
8027	1	0
8028	1	0
8029	1	1
8030	1	1
8031	1	1
8032	1	1
8033	0	0
8034	1	1
8035	1	1
8036	1	1
8037	0	0
8038	0	0
8039	1	1
8040	0	1
8041	1	1
8042	1	0
8043	1	0
8044	1	1
8045	1	1
8046	0	0
8047	0	0
8048	0	0
8049	1	1
8050	0	0
8051	1	1
8052	1	1
8053	0	1
8054	1	1
8055	1	1
8056	1	1
8057	1	1
8058	1	0
8059	1	1
8060	1	1
8061	0	0
8062	0	0
8063	0	0
8064	1	1
8065	1	1
8066	0	0
8067	1	1
8068	0	1
8069	0	0
8070	0	1
8071	1	1
8072	1	1
8073	0	0
8074	0	1
8075	1	1
8076	1	1
8077	1	1
8078	1	1
8079	1	1
8080	1	1
8081	1	1
8082	1	1
8083	0	0
8084	1	1
8085	1	1
8086	0	0
8087	0	0
8088	0	1
8089	1	1
8090	1	1
8091	1	1
8092	1	1
8093	0	0
8094	1	1
8095	1	1
8096	1	1
8097	1	1
8098	1	0
8099	1	1
8100	0	0
8101	1	1
8102	1	1
8103	0	0
8104	0	0
8105	1	1
8106	1	0
8107	1	1
8108	1	1
8109	0	0
8110	1	0
8111	0	0
8112	1	1
8113	1	1
8114	1	1
8115	0	0
8116	1	1
8117	1	0
8118	1	1
8119	1	0
8120	1	1
8121	1	1
8122	0	0
8123	0	0
8124	1	1
8125	1	0
8126	0	0
8127	1	1
8128	1	0
8129	1	1
8130	0	0
8131	0	1
8132	1	1
8133	1	1
8134	0	0
8135	0	0
8136	0	1
8137	1	1
8138	1	1
8139	1	0
8140	0	0
8141	0	0
8142	0	0
8143	0	1
8144	0	0
8145	1	1
8146	1	1
8147	0	0
8148	0	0
8149	0	0
8150	1	1
8151	0	1
8152	1	1
8153	0	1
8154	1	1
8155	0	0
8156	1	1
8157	0	0
8158	1	1
8159	0	0
8160	1	1
8161	1	1
8162	1	1
8163	1	1
8164	0	0
8165	0	1
8166	1	1
8167	1	1
8168	0	0
8169	0	0
8170	1	1
8171	1	1
8172	1	1
8173	0	1
8174	0	0
8175	0	0
8176	0	0
8177	1	1
8178	1	1
8179	0	0
8180	1	1
8181	1	1
8182	0	0
8183	1	1
8184	0	0
8185	1	1
8186	0	0
8187	1	1
8188	1	1
8189	1	1
8190	1	1
8191	1	1
8192	1	1
8193	1	1
8194	1	1
8195	1	1
8196	1	1
8197	1	1
8198	1	0
8199	0	0
8200	1	1
8201	1	0
8202	1	1
8203	0	1
8204	0	0
8205	0	0
8206	0	0
8207	0	0
8208	1	1
8209	1	1
8210	0	1
8211	0	0
8212	1	1
8213	1	1
8214	1	1
8215	1	1
8216	1	1
8217	0	0
8218	1	1
8219	0	0
8220	1	1
8221	0	0
8222	1	0
8223	1	1
8224	1	1
8225	0	0
8226	1	1
8227	0	0
8228	1	1
8229	0	0
8230	1	1
8231	1	0
8232	1	1
8233	1	1
8234	0	0
8235	0	0
8236	1	1
8237	0	0
8238	0	0
8239	0	1
8240	0	1
8241	1	0
8242	1	1
8243	0	0
8244	1	1
8245	1	0
8246	0	0
8247	0	0
8248	1	1
8249	1	1
8250	1	1
8251	1	0
8252	1	1
8253	0	0
8254	0	1
8255	0	0
8256	1	1
8257	1	0
8258	1	0
8259	0	0
8260	0	0
8261	1	1
8262	0	0
8263	0	0
8264	0	0
8265	1	1
8266	0	0
8267	0	0
8268	0	0
8269	1	1
8270	1	1
8271	1	1
8272	1	1
8273	1	1
8274	0	0
8275	1	1
8276	1	1
8277	1	1
8278	1	0
8279	0	0
8280	0	0
8281	1	1
8282	0	0
8283	1	1
8284	0	0
8285	0	0
8286	0	0
8287	1	1
8288	0	0
8289	1	1
8290	1	1
8291	0	0
8292	0	0
8293	0	0
8294	1	1
8295	0	0
8296	1	1
8297	0	1
8298	1	1
8299	0	0
8300	1	1
8301	1	1
8302	0	1
8303	1	1
8304	1	0
8305	1	1
8306	1	1
8307	1	1
8308	0	1
8309	0	0
8310	0	0
8311	1	1
8312	0	0
8313	0	0
8314	1	1
8315	0	1
8316	1	1
8317	1	1
8318	1	1
8319	1	1
8320	0	0
8321	1	1
8322	0	0
8323	1	0
8324	1	0
8325	1	1
8326	0	0
8327	0	1
8328	0	0
8329	1	1
8330	1	1
8331	0	0
8332	1	1
8333	1	1
8334	1	1
8335	0	0
8336	1	1
8337	0	1
8338	1	1
8339	1	1
8340	0	0
8341	1	0
8342	1	1
8343	0	1
8344	0	1
8345	1	1
8346	0	1
8347	0	1
8348	1	0
8349	1	1
8350	1	1
8351	1	0
8352	1	1
8353	1	1
8354	1	1
8355	0	1
8356	1	1
8357	0	0
8358	0	0
8359	1	0
8360	1	1
8361	0	1
8362	0	0
8363	1	1
8364	0	0
8365	0	0
8366	1	1
8367	0	1
8368	0	0
8369	1	1
8370	0	0
8371	1	1
8372	1	0
8373	1	1
8374	1	1
8375	1	1
8376	1	0
8377	1	1
8378	1	1
8379	1	1
8380	1	1
8381	1	1
8382	0	0
8383	0	0
8384	1	1
8385	1	1
8386	0	0
8387	0	0
8388	1	1
8389	1	1
8390	0	0
8391	1	1
8392	1	1
8393	0	1
8394	1	1
8395	1	1
8396	0	1
8397	0	1
8398	0	0
8399	0	0
8400	1	0
8401	1	1
8402	1	1
8403	1	0
8404	1	1
8405	1	0
8406	1	1
8407	1	1
8408	0	0
8409	1	1
8410	1	1
8411	0	0
8412	1	1
8413	1	1
8414	0	0
8415	1	1
8416	1	1
8417	0	0
8418	0	1
8419	0	0
8420	1	1
8421	1	1
8422	1	0
8423	0	0
8424	1	1
8425	1	1
8426	0	0
8427	1	1
8428	0	0
8429	1	0
8430	0	0
8431	0	0
8432	1	1
8433	0	0
8434	1	1
8435	1	1
8436	1	1
8437	0	0
8438	0	1
8439	1	1
8440	1	1
8441	0	0
8442	1	1
8443	1	1
8444	0	0
8445	1	0
8446	0	0
8447	0	0
8448	0	0
8449	0	1
8450	0	0
8451	1	0
8452	1	1
8453	1	1
8454	1	1
8455	0	0
8456	0	0
8457	1	0
8458	0	0
8459	0	1
8460	0	1
8461	1	1
8462	1	1
8463	1	0
8464	1	1
8465	1	1
8466	1	1
8467	1	1
8468	0	1
8469	1	0
8470	1	1
8471	1	1
8472	0	1
8473	1	1
8474	0	0
8475	1	1
8476	1	1
8477	1	1
8478	1	1
8479	0	1
8480	1	1
8481	1	1
8482	0	0
8483	1	0
8484	0	1
8485	1	1
8486	1	1
8487	1	1
8488	1	1
8489	1	1
8490	0	0
8491	1	0
8492	0	0
8493	1	1
8494	0	1
8495	1	1
8496	1	0
8497	0	0
8498	1	1
8499	1	1
8500	1	1
8501	0	0
8502	0	0
8503	1	1
8504	0	0
8505	1	1
8506	0	0
8507	1	1
8508	1	0
8509	0	0
8510	1	1
8511	0	0
8512	1	1
8513	1	1
8514	0	0
8515	0	0
8516	1	1
8517	1	1
8518	0	0
8519	0	0
8520	0	0
8521	0	0
8522	1	1
8523	1	1
8524	0	0
8525	1	0
8526	1	1
8527	1	1
8528	1	1
8529	1	1
8530	1	1
8531	1	1
8532	0	0
8533	1	1
8534	0	0
8535	0	0
8536	0	0
8537	1	1
8538	0	0
8539	1	0
8540	0	0
8541	1	1
8542	0	1
8543	1	1
8544	1	1
8545	0	0
8546	1	1
8547	1	1
8548	1	1
8549	1	1
8550	1	1
8551	1	0
8552	1	1
8553	0	0
8554	0	0
8555	0	0
8556	1	1
8557	1	1
8558	1	1
8559	1	1
8560	0	1
8561	1	1
8562	1	1
8563	1	1
8564	0	0
8565	1	1
8566	0	0
8567	1	1
8568	0	0
8569	1	1
8570	1	1
8571	1	1
8572	1	1
8573	0	0
8574	1	1
8575	1	1
8576	1	1
8577	0	0
8578	0	0
8579	1	0
8580	0	0
8581	0	0
8582	1	1
8583	0	0
8584	1	1
8585	1	1
8586	1	1
8587	1	1
8588	1	1
8589	1	1
8590	0	0
8591	0	0
8592	0	0
8593	1	1
8594	1	1
8595	1	1
8596	0	1
8597	1	1
8598	0	0
8599	0	0
8600	0	0
8601	0	1
8602	0	0
8603	0	0
8604	0	0
8605	1	1
8606	1	0
8607	1	1
8608	0	0
8609	0	0
8610	1	1
8611	0	0
8612	1	0
8613	1	1
8614	1	1
8615	1	1
8616	0	0
8617	0	0
8618	1	1
8619	1	1
8620	0	0
8621	1	1
8622	0	0
8623	0	0
8624	1	1
8625	0	0
8626	1	1
8627	1	0
8628	0	0
8629	1	1
8630	1	1
8631	1	0
8632	0	1
8633	0	1
8634	0	0
8635	1	1
8636	0	0
8637	1	0
8638	1	1
8639	1	1
8640	1	0
8641	1	1
8642	0	0
8643	0	0
8644	1	1
8645	1	1
8646	0	0
8647	0	0
8648	1	0
8649	0	0
8650	1	1
8651	0	0
8652	0	0
8653	1	1
8654	1	1
8655	1	1
8656	0	0
8657	0	1
8658	1	1
8659	1	1
8660	0	0
8661	1	1
8662	1	1
8663	1	1
8664	1	1
8665	0	0
8666	1	1
8667	1	1
8668	0	1
8669	1	1
8670	1	1
8671	0	0
8672	1	1
8673	0	0
8674	1	1
8675	1	1
8676	0	0
8677	1	1
8678	0	1
8679	1	1
8680	1	1
8681	1	0
8682	1	1
8683	1	0
8684	1	1
8685	0	1
8686	0	0
8687	0	1
8688	1	1
8689	1	1
8690	1	0
8691	0	0
8692	0	1
8693	1	1
8694	0	0
8695	1	1
8696	1	1
8697	1	1
8698	0	1
8699	1	1
8700	1	1
8701	1	1
8702	0	0
8703	1	1
8704	1	0
8705	1	1
8706	0	0
8707	1	1
8708	0	0
8709	0	1
8710	0	0
8711	0	0
8712	1	1
8713	1	1
8714	1	1
8715	1	0
8716	1	1
8717	1	1
8718	1	1
8719	0	0
8720	0	1
8721	1	1
8722	1	1
8723	1	1
8724	1	1
8725	1	1
8726	0	1
8727	0	0
8728	1	1
8729	1	1
8730	0	0
8731	0	0
8732	1	1
8733	1	1
8734	1	1
8735	0	1
8736	1	1
8737	0	0
8738	1	1
8739	1	1
8740	1	1
8741	1	1
8742	0	0
8743	1	1
8744	1	1
8745	1	1
8746	0	0
8747	1	1
8748	1	1
8749	1	1
8750	0	0
8751	0	0
8752	0	0
8753	0	0
8754	1	1
8755	1	1
8756	1	1
8757	1	1
8758	1	1
8759	1	1
8760	0	0
8761	0	0
8762	0	1
8763	1	1
8764	1	1
8765	1	0
8766	0	0
8767	1	1
8768	0	0
8769	0	0
8770	1	1
8771	1	1
8772	1	0
8773	0	0
8774	1	1
8775	0	0
8776	1	1
8777	1	1
8778	1	1
8779	1	0
8780	1	1
8781	0	1
8782	1	1
8783	1	1
8784	1	1
8785	1	1
8786	0	0
8787	0	0
8788	0	0
8789	1	0
8790	0	0
8791	0	0
8792	0	1
8793	0	1
8794	1	1
8795	0	0
8796	1	1
8797	0	1
8798	0	0
8799	0	0
8800	0	0
8801	1	1
8802	0	1
8803	1	0
8804	1	1
8805	1	1
8806	0	0
8807	0	0
8808	1	1
8809	1	1
8810	1	1
8811	1	1
8812	0	0
8813	0	0
8814	1	1
8815	1	0
8816	0	0
8817	0	0
8818	1	1
8819	1	1
8820	1	0
8821	1	1
8822	1	1
8823	1	1
8824	0	0
8825	1	1
8826	1	1
8827	0	0
8828	0	0
8829	0	0
8830	0	0
8831	1	0
8832	1	1
8833	1	0
8834	1	1
8835	1	1
8836	1	1
8837	1	1
8838	0	0
8839	1	1
8840	1	1
8841	1	1
8842	0	0
8843	1	1
8844	1	0
8845	1	1
8846	1	1
8847	1	1
8848	0	0
8849	1	1
8850	1	1
8851	1	1
8852	0	1
8853	1	1
8854	1	0
8855	1	0
8856	1	1
8857	0	0
8858	0	0
8859	0	1
8860	0	1
8861	1	0
8862	0	0
8863	1	1
8864	1	1
8865	0	0
8866	1	1
8867	1	1
8868	1	0
8869	0	0
8870	1	1
8871	1	1
8872	1	0
8873	1	1
8874	1	1
8875	0	0
8876	1	1
8877	0	1
8878	1	0
8879	1	1
8880	0	0
8881	0	0
8882	1	1
8883	1	0
8884	1	1
8885	1	1
8886	0	0
8887	1	1
8888	1	1
8889	1	1
8890	1	1
8891	0	0
8892	1	1
8893	1	1
8894	1	1
8895	1	1
8896	0	0
8897	0	0
8898	1	1
8899	1	1
8900	1	1
8901	1	1
8902	1	1
8903	0	0
8904	1	1
8905	0	0
8906	1	1
8907	1	1
8908	1	1
8909	0	0
8910	1	1
8911	1	1
8912	1	0
8913	1	1
8914	1	1
8915	1	1
8916	1	1
8917	1	1
8918	0	0
8919	0	0
8920	0	0
8921	1	0
8922	1	1
8923	0	0
8924	0	0
8925	1	1
8926	1	0
8927	1	1
8928	1	1
8929	1	0
8930	0	0
8931	0	1
8932	1	1
8933	0	1
8934	1	1
8935	1	1
8936	1	1
8937	0	1
8938	0	1
8939	1	0
8940	1	0
8941	0	0
8942	1	1
8943	0	0
8944	0	0
8945	0	0
8946	0	0
8947	1	1
8948	1	1
8949	1	1
8950	0	0
8951	1	1
8952	1	0
8953	0	0
8954	0	1
8955	1	1
8956	1	0
8957	1	1
8958	1	1
8959	0	0
8960	1	1
8961	1	1
8962	0	0
8963	1	1
8964	1	1
8965	0	1
8966	1	1
8967	1	1
8968	1	0
8969	1	0
8970	1	0
8971	1	1
8972	1	1
8973	0	0
8974	1	1
8975	1	1
8976	1	1
8977	0	0
8978	0	0
8979	1	0
8980	0	0
8981	1	1
8982	0	0
8983	1	1
8984	1	1
8985	0	1
8986	0	1
8987	1	0
8988	0	1
8989	0	0
8990	1	1
8991	0	0
8992	1	1
8993	1	0
8994	1	1
8995	0	0
8996	1	0
8997	0	1
8998	0	1
8999	1	1
9000	1	1
9001	0	1
9002	1	1
9003	1	1
9004	0	0
9005	0	0
9006	1	1
9007	0	0
9008	1	1
9009	1	0
9010	1	1
9011	1	1
9012	0	0
9013	0	1
9014	1	1
9015	1	1
9016	1	1
9017	1	1
9018	1	1
9019	1	0
9020	0	0
9021	1	1
9022	1	0
9023	1	1
9024	1	1
9025	0	0
9026	0	0
9027	1	1
9028	1	1
9029	0	1
9030	1	1
9031	0	0
9032	1	1
9033	0	0
9034	0	0
9035	0	0
9036	1	0
9037	1	1
9038	1	1
9039	0	1
9040	1	0
9041	0	1
9042	1	1
9043	0	0
9044	1	1
9045	1	1
9046	0	1
9047	1	1
9048	0	1
9049	1	1
9050	1	1
9051	0	0
9052	1	1
9053	1	1
9054	1	0
9055	1	1
9056	1	1
9057	0	0
9058	0	0
9059	0	0
9060	0	0
9061	1	0
9062	0	0
9063	1	1
9064	1	0
9065	0	0
9066	1	1
9067	0	1
9068	0	0
9069	1	1
9070	0	0
9071	0	0
9072	0	1
9073	1	1
9074	1	1
9075	1	1
9076	1	0
9077	1	0
9078	0	0
9079	1	1
9080	0	0
9081	0	0
9082	0	1
9083	0	0
9084	1	1
9085	0	1
9086	0	1
9087	1	1
9088	1	1
9089	1	1
9090	1	1
9091	0	0
9092	1	1
9093	1	1
9094	0	1
9095	0	0
9096	0	0
9097	0	0
9098	1	1
9099	1	1
9100	1	1
9101	1	1
9102	0	0
9103	0	0
9104	0	0
9105	1	1
9106	1	0
9107	0	0
9108	1	0
9109	1	1
9110	1	1
9111	0	0
9112	1	0
9113	1	1
9114	1	0
9115	0	1
9116	1	1
9117	0	0
9118	0	0
9119	0	1
9120	1	1
9121	1	0
9122	1	1
9123	0	1
9124	1	1
9125	1	1
9126	1	1
9127	1	1
9128	1	0
9129	0	0
9130	1	1
9131	1	1
9132	1	0
9133	1	1
9134	1	0
9135	1	0
9136	1	0
9137	1	1
9138	1	1
9139	0	1
9140	1	1
9141	1	1
9142	1	1
9143	1	1
9144	1	1
9145	0	0
9146	1	0
9147	1	1
9148	0	0
9149	0	0
9150	0	0
9151	1	1
9152	1	1
9153	1	0
9154	1	1
9155	1	1
9156	1	1
9157	1	1
9158	1	1
9159	1	1
9160	1	1
9161	0	0
9162	1	1
9163	0	0
9164	0	0
9165	1	1
9166	0	0
9167	1	0
9168	0	0
9169	1	1
9170	0	0
9171	1	1
9172	0	0
9173	0	0
9174	1	1
9175	0	0
9176	1	1
9177	1	0
9178	1	1
9179	1	1
9180	1	1
9181	0	0
9182	1	1
9183	1	1
9184	1	1
9185	1	1
9186	0	1
9187	1	1
9188	0	0
9189	0	0
9190	1	1
9191	0	0
9192	0	0
9193	1	1
9194	1	1
9195	1	0
9196	1	1
9197	0	1
9198	1	1
9199	1	1
9200	0	0
9201	1	1
9202	0	1
9203	0	0
9204	1	0
9205	0	0
9206	1	1
9207	1	1
9208	1	1
9209	0	0
9210	0	0
9211	1	0
9212	0	0
9213	0	1
9214	0	0
9215	1	1
9216	0	0
9217	1	1
9218	1	1
9219	0	0
9220	0	0
9221	1	1
9222	1	1
9223	0	0
9224	0	0
9225	0	0
9226	1	1
9227	1	1
9228	1	1
9229	0	0
9230	1	1
9231	1	1
9232	1	1
9233	1	1
9234	1	1
9235	1	1
9236	0	0
9237	1	1
9238	1	1
9239	1	0
9240	0	0
9241	0	0
9242	1	1
9243	0	0
9244	0	0
9245	0	1
9246	1	1
9247	0	0
9248	1	1
9249	1	1
9250	0	0
9251	0	0
9252	1	1
9253	1	1
9254	0	1
9255	1	1
9256	0	1
9257	1	0
9258	1	1
9259	0	0
9260	1	1
9261	1	1
9262	1	1
9263	1	1
9264	1	1
9265	1	1
9266	1	1
9267	0	0
9268	0	1
9269	1	1
9270	0	0
9271	1	0
9272	1	1
9273	0	0
9274	1	1
9275	0	1
9276	0	0
9277	1	1
9278	0	0
9279	1	1
9280	1	1
9281	0	0
9282	1	1
9283	1	0
9284	0	0
9285	0	0
9286	1	1
9287	0	0
9288	1	0
9289	1	1
9290	1	1
9291	0	0
9292	0	0
9293	0	0
9294	1	1
9295	0	0
9296	0	0
9297	0	0
9298	1	1
9299	1	1
9300	0	0
9301	0	1
9302	1	0
9303	1	1
9304	1	1
9305	1	1
9306	1	1
9307	1	1
9308	1	1
9309	0	0
9310	1	0
9311	1	0
9312	0	0
9313	1	1
9314	1	1
9315	1	1
9316	1	1
9317	1	1
9318	1	1
9319	1	1
9320	0	0
9321	1	1
9322	1	1
9323	0	1
9324	1	1
9325	1	1
9326	1	1
9327	1	1
9328	0	0
9329	0	1
9330	0	0
9331	1	1
9332	1	0
9333	0	0
9334	1	1
9335	0	0
9336	1	0
9337	1	1
9338	1	1
9339	1	1
9340	1	1
9341	1	0
9342	1	1
9343	1	0
9344	1	1
9345	1	1
9346	1	0
9347	1	1
9348	0	0
9349	1	1
9350	1	0
9351	1	1
9352	0	1
9353	1	1
9354	0	1
9355	1	1
9356	0	0
9357	1	1
9358	1	1
9359	1	1
9360	1	1
9361	0	0
9362	0	0
9363	0	0
9364	1	1
9365	0	0
9366	1	1
9367	1	0
9368	0	0
9369	0	0
9370	0	0
9371	0	0
9372	0	0
9373	1	0
9374	1	0
9375	1	1
9376	1	1
9377	1	1
9378	1	0
9379	1	1
9380	0	0
9381	1	1
9382	0	0
9383	1	0
9384	1	1
9385	0	0
9386	1	1
9387	1	1
9388	1	0
9389	0	0
9390	0	0
9391	1	1
9392	1	1
9393	1	1
9394	1	1
9395	0	0
9396	0	0
9397	1	0
9398	1	1
9399	0	0
9400	1	1
9401	1	1
9402	0	1
9403	1	0
9404	1	1
9405	1	1
9406	1	1
9407	0	0
9408	0	0
9409	1	1
9410	0	0
9411	1	1
9412	1	1
9413	0	0
9414	1	1
9415	1	1
9416	1	1
9417	1	1
9418	1	1
9419	0	0
9420	0	0
9421	1	0
9422	1	1
9423	0	0
9424	0	0
9425	0	1
9426	0	0
9427	1	0
9428	1	1
9429	1	0
9430	1	0
9431	0	0
9432	1	1
9433	1	0
9434	0	0
9435	1	1
9436	0	0
9437	1	0
9438	0	0
9439	0	0
9440	0	0
9441	1	1
9442	1	1
9443	0	0
9444	0	0
9445	1	1
9446	1	1
9447	0	0
9448	1	1
9449	0	0
9450	1	1
9451	1	1
9452	0	0
9453	0	1
9454	1	1
9455	1	1
9456	1	1
9457	1	1
9458	1	0
9459	0	0
9460	1	1
9461	1	1
9462	0	0
9463	0	1
9464	0	0
9465	1	1
9466	0	0
9467	0	0
9468	0	0
9469	0	0
9470	1	0
9471	0	0
9472	0	0
9473	1	1
9474	1	1
9475	1	1
9476	1	1
9477	1	1
9478	1	1
9479	0	0
9480	1	1
9481	1	0
9482	1	1
9483	1	0
9484	1	1
9485	1	1
9486	1	1
9487	0	0
9488	1	0
9489	1	1
9490	1	1
9491	1	1
9492	1	1
9493	1	1
9494	0	0
9495	1	1
9496	0	0
9497	0	0
9498	1	1
9499	1	1
9500	1	1
9501	0	0
9502	1	1
9503	0	1
9504	1	1
9505	0	0
9506	0	0
9507	1	1
9508	0	0
9509	1	1
9510	0	0
9511	1	1
9512	1	1
9513	1	1
9514	0	1
9515	1	1
9516	1	1
9517	1	0
9518	1	1
9519	1	1
9520	1	1
9521	1	1
9522	1	1
9523	0	0
9524	0	0
9525	1	1
9526	0	0
9527	1	1
9528	1	1
9529	0	0
9530	1	0
9531	1	1
9532	0	0
9533	1	1
9534	1	0
9535	1	1
9536	1	1
9537	0	0
9538	1	1
9539	0	0
9540	0	1
9541	1	0
9542	1	0
9543	1	0
9544	0	1
9545	0	1
9546	0	0
9547	1	1
9548	1	1
9549	1	1
9550	1	1
9551	1	0
9552	0	0
9553	0	1
9554	0	0
9555	1	1
9556	1	1
9557	1	1
9558	1	1
9559	1	1
9560	0	0
9561	1	1
9562	0	0
9563	1	1
9564	1	1
9565	1	1
9566	0	0
9567	1	1
9568	1	1
9569	1	1
9570	0	1
9571	1	0
9572	0	0
9573	0	1
9574	1	1
9575	0	0
9576	1	1
9577	0	0
9578	1	1
9579	1	1
9580	1	1
9581	1	1
9582	0	0
9583	1	1
9584	1	1
9585	1	1
9586	1	1
9587	0	0
9588	1	0
9589	0	0
9590	0	0
9591	1	1
9592	0	0
9593	0	0
9594	0	1
9595	1	0
9596	0	0
9597	0	0
9598	0	1
9599	1	0
9600	0	0
9601	0	0
9602	0	0
9603	1	0
9604	1	1
9605	1	1
9606	0	0
9607	0	1
9608	1	1
9609	0	1
9610	1	1
9611	0	1
9612	1	0
9613	0	0
9614	1	0
9615	0	0
9616	1	1
9617	0	0
9618	0	0
9619	1	1
9620	0	0
9621	1	1
9622	1	1
9623	1	1
9624	1	1
9625	0	0
9626	0	1
9627	0	0
9628	1	1
9629	1	1
9630	1	1
9631	1	1
9632	1	1
9633	1	1
9634	0	0
9635	0	0
9636	1	1
9637	0	1
9638	1	1
9639	1	0
9640	0	0
9641	0	1
9642	0	0
9643	1	1
9644	1	1
9645	0	1
9646	0	1
9647	1	1
9648	1	1
9649	0	1
9650	1	1
9651	0	1
9652	0	0
9653	1	1
9654	1	1
9655	0	0
9656	1	1
9657	0	0
9658	0	0
9659	1	1
9660	1	1
9661	1	1
9662	0	0
9663	1	1
9664	1	1
9665	0	0
9666	1	0
9667	0	0
9668	0	0
9669	0	1
9670	1	1
9671	0	0
9672	1	1
9673	0	0
9674	0	0
9675	0	1
9676	1	1
9677	0	0
9678	1	1
9679	1	1
9680	0	0
9681	0	0
9682	1	1
9683	1	1
9684	1	1
9685	1	0
9686	1	1
9687	0	0
9688	1	1
9689	0	0
9690	1	1
9691	1	1
9692	0	0
9693	1	1
9694	1	1
9695	0	0
9696	0	0
9697	1	1
9698	1	1
9699	1	0
9700	1	1
9701	1	1
9702	0	0
9703	0	1
9704	0	0
9705	0	1
9706	1	0
9707	1	1
9708	1	1
9709	1	1
9710	1	0
9711	1	1
9712	1	1
9713	1	0
9714	1	1
9715	0	0
9716	1	1
9717	1	1
9718	1	1
9719	1	1
9720	1	1
9721	1	0
9722	0	1
9723	0	1
9724	0	0
9725	0	1
9726	0	1
9727	0	0
9728	0	0
9729	0	0
9730	1	1
9731	1	1
9732	1	1
9733	0	0
9734	1	1
9735	1	1
9736	1	1
9737	0	1
9738	1	1
9739	1	1
9740	1	1
9741	0	1
9742	1	1
9743	1	1
9744	1	1
9745	1	1
9746	1	1
9747	0	0
9748	1	1
9749	0	0
9750	0	0
9751	1	0
9752	1	1
9753	1	1
9754	1	1
9755	0	0
9756	1	1
9757	1	1
9758	1	1
9759	0	0
9760	0	1
9761	1	1
9762	1	1
9763	0	1
9764	1	1
9765	1	1
9766	0	0
9767	0	0
9768	1	1
9769	1	1
9770	0	0
9771	0	1
9772	0	0
9773	1	0
9774	1	1
9775	1	1
9776	1	1
9777	0	0
9778	1	1
9779	0	0
9780	1	1
9781	1	1
9782	1	1
9783	1	1
9784	0	1
9785	1	1
9786	1	1
9787	1	1
9788	0	0
9789	1	1
9790	0	0
9791	1	1
9792	1	1
9793	0	0
9794	0	0
9795	0	0
9796	1	1
9797	1	1
9798	1	1
9799	1	1
9800	1	1
9801	1	1
9802	1	1
9803	0	0
9804	0	0
9805	0	0
9806	0	1
9807	1	1
9808	1	1
9809	0	0
9810	1	1
9811	1	1
9812	1	1
9813	0	0
9814	1	1
9815	1	0
9816	1	0
9817	1	1
9818	1	1
9819	1	1
9820	0	0
9821	1	1
9822	0	0
9823	1	1
9824	1	1
9825	0	0
9826	1	1
9827	0	0
9828	0	0
9829	1	0
9830	1	1
9831	1	1
9832	1	1
9833	1	1
9834	0	0
9835	1	1
9836	1	0
9837	1	1
9838	0	0
9839	1	0
9840	0	0
9841	1	1
9842	1	0
9843	0	0
9844	1	1
9845	1	1
9846	1	1
9847	1	1
9848	1	1
9849	1	1
9850	1	1
9851	1	1
9852	0	1
9853	1	1
9854	1	1
9855	1	1
9856	1	1
9857	0	0
9858	0	0
9859	1	1
9860	1	1
9861	0	0
9862	1	1
9863	0	0
9864	1	1
9865	0	0
9866	1	1
9867	1	1
9868	1	1
9869	1	0
9870	1	1
9871	1	1
9872	0	0
9873	0	0
9874	1	1
9875	1	1
9876	0	0
9877	1	0
9878	1	1
9879	0	0
9880	0	1
9881	1	0
9882	1	1
9883	1	1
9884	1	1
9885	1	1
9886	0	0
9887	1	1
9888	1	1
9889	0	0
9890	1	1
9891	1	1
9892	1	1
9893	1	1
9894	1	1
9895	0	0
9896	1	0
9897	1	0
9898	1	1
9899	1	1
9900	1	1
9901	1	1
9902	1	1
9903	1	1
9904	1	1
9905	1	1
9906	0	0
9907	1	1
9908	1	1
9909	1	1
9910	1	1
9911	1	1
9912	0	0
9913	1	1
9914	1	1
9915	1	1
9916	1	1
9917	1	1
9918	1	0
9919	0	0
9920	1	1
9921	0	1
9922	0	0
9923	0	0
9924	1	1
9925	1	1
9926	1	1
9927	0	0
9928	1	1
9929	1	1
9930	1	1
9931	0	0
9932	1	0
9933	0	0
9934	0	0
9935	0	1
9936	1	1
9937	1	0
9938	0	1
9939	0	0
9940	0	0
9941	1	1
9942	1	1
9943	1	1
9944	0	1
9945	0	0
9946	0	0
9947	1	1
9948	0	0
9949	1	1
9950	0	0
9951	1	1
9952	0	0
9953	0	1
9954	0	0
9955	1	1
9956	1	1
9957	1	1
9958	1	1
9959	0	0
9960	0	1
9961	1	0
9962	1	1
9963	1	1
9964	1	0
9965	1	1
9966	1	0
9967	1	1
9968	0	0
9969	1	1
9970	0	1
9971	1	1
9972	0	1
9973	1	0
9974	1	1
9975	1	1
9976	1	1
9977	1	1
9978	1	0
9979	1	1
9980	1	1
9981	1	1
9982	0	0
9983	1	1
9984	1	1
9985	1	1
9986	1	1
9987	0	0
9988	0	1
9989	1	1
9990	1	0
9991	0	0
9992	0	0
9993	0	0
9994	1	1
9995	1	1
9996	1	1
9997	1	1
9998	0	0
9999	1	1
10000	0	0
10001	0	0
10002	1	1
10003	0	0
10004	1	1
10005	0	0
10006	0	1
10007	1	1
10008	0	0
10009	0	0
10010	1	1
10011	1	1
10012	1	1
10013	1	1
10014	0	0
10015	1	1
10016	1	0
10017	1	1
10018	0	0
10019	1	1
10020	1	0
10021	1	1
10022	1	1
10023	1	1
10024	1	1
10025	1	1
10026	1	1
10027	1	1
10028	1	1
10029	0	0
10030	1	1
10031	1	1
10032	1	1
10033	1	1
10034	1	0
10035	0	1
10036	1	0
10037	1	1
10038	1	1
10039	0	0
10040	1	1
10041	0	0
10042	1	1
10043	0	0
10044	0	1
10045	0	1
10046	1	0
10047	0	0
10048	1	1
10049	1	1
10050	1	1
10051	1	1
10052	1	1
10053	1	0
10054	1	1
10055	1	0
10056	1	1
10057	1	1
10058	1	1
10059	0	0
10060	0	1
10061	0	0
10062	1	1
10063	1	1
10064	1	1
10065	1	1
10066	0	1
10067	1	1
10068	1	1
10069	1	1
10070	1	1
10071	1	1
10072	0	1
10073	1	1
10074	1	1
10075	0	0
10076	1	1
10077	1	1
10078	0	0
10079	0	0
10080	1	1
10081	1	1
10082	1	1
10083	1	1
10084	0	0
10085	1	0
10086	1	1
10087	0	0
10088	1	1
10089	1	1
10090	1	0
10091	1	0
10092	0	0
10093	0	1
10094	0	0
10095	0	1
10096	0	0
10097	1	1
10098	1	1
10099	1	1
10100	1	0
10101	0	0
10102	1	0
10103	1	1
10104	1	0
10105	0	0
10106	1	1
10107	1	1
10108	1	1
10109	0	0
10110	1	1
10111	1	1
10112	1	1
10113	1	1
10114	1	1
10115	0	0
10116	1	1
10117	1	1
10118	0	0
10119	1	1
10120	1	0
10121	1	0
10122	1	1
10123	1	1
10124	1	0
10125	1	1
10126	0	0
10127	0	0
10128	0	0
10129	0	0
10130	1	1
10131	1	0
10132	0	0
10133	1	1
10134	0	0
10135	0	0
10136	1	1
10137	1	0
10138	1	1
10139	0	0
10140	1	1
10141	0	0
10142	1	1
10143	0	0
10144	1	1
10145	0	0
10146	1	1
10147	0	0
10148	1	1
10149	1	1
10150	0	0
10151	1	1
10152	1	1
10153	1	1
10154	0	1
10155	0	0
10156	1	1
10157	1	1
10158	0	1
10159	1	1
10160	0	1
10161	1	1
10162	1	1
10163	1	1
10164	1	1
10165	0	1
10166	1	0
10167	0	1
10168	0	0
10169	1	1
10170	0	1
10171	1	1
10172	0	1
10173	1	1
10174	0	0
10175	1	1
10176	1	1
10177	1	1
10178	1	0
10179	0	0
10180	1	1
10181	1	1
10182	0	0
10183	0	0
10184	0	0
10185	0	0
10186	1	1
10187	1	0
10188	1	1
10189	1	1
10190	1	1
10191	0	0
10192	1	0
10193	1	1
10194	1	1
10195	0	0
10196	1	1
10197	1	1
10198	0	0
10199	0	1
10200	1	1
10201	1	1
10202	1	1
10203	0	0
10204	0	0
10205	1	0
10206	1	1
10207	1	0
10208	0	0
10209	1	1
10210	1	1
10211	0	0
10212	0	0
10213	1	1
10214	1	1
10215	0	0
10216	1	0
10217	1	1
10218	0	0
10219	1	1
10220	0	1
10221	0	0
10222	1	1
10223	0	0
10224	1	1
10225	1	1
10226	1	1
10227	1	1
10228	1	1
10229	0	0
10230	0	0
10231	1	1
10232	1	1
10233	1	1
10234	1	1
10235	1	0
10236	1	1
10237	1	0
10238	1	1
10239	1	1
10240	0	0
10241	1	1
10242	1	1
10243	0	0
10244	1	1
10245	0	1
10246	0	0
10247	1	1
10248	0	1
10249	1	1
10250	1	1
10251	0	0
10252	1	1
10253	1	0
10254	1	1
10255	1	1
10256	0	0
10257	0	1
10258	1	1
10259	1	1
10260	1	1
10261	1	1
10262	1	0
10263	1	1
10264	1	0
10265	1	1
10266	1	1
10267	1	1
10268	0	0
10269	1	1
10270	0	0
10271	1	1
10272	0	0
10273	1	0
10274	1	1
10275	1	1
10276	1	0
10277	0	0
10278	1	1
10279	0	1
10280	1	1
10281	0	0
10282	1	0
10283	0	1
10284	1	1
10285	0	0
10286	1	1
10287	0	0
10288	0	0
10289	0	0
10290	0	0
10291	0	0
10292	1	1
10293	0	0
10294	1	1
10295	1	1
10296	1	0
10297	1	1
10298	0	0
10299	0	0
10300	1	1
10301	0	0
10302	1	1
10303	0	1
10304	1	1
10305	0	0
10306	1	1
10307	0	0
10308	1	1
10309	1	1
10310	1	1
10311	0	0
10312	1	1
10313	1	1
10314	0	0
10315	0	0
10316	1	1
10317	1	0
10318	1	1
10319	0	0
10320	1	1
10321	1	1
10322	1	1
10323	1	1
10324	0	0
10325	1	1
10326	0	0
10327	1	1
10328	1	1
10329	1	1
10330	1	1
10331	1	1
10332	1	1
10333	0	0
10334	1	1
10335	1	1
10336	1	1
10337	0	0
10338	1	1
10339	1	1
10340	1	1
10341	0	0
10342	1	1
10343	1	1
10344	1	1
10345	0	0
10346	0	0
10347	1	1
10348	1	1
10349	1	1
10350	1	0
10351	1	1
10352	0	0
10353	1	1
10354	1	1
10355	1	1
10356	1	1
10357	0	0
10358	1	1
10359	1	1
10360	1	1
10361	0	0
10362	1	1
10363	1	1
10364	1	0
10365	1	1
10366	1	1
10367	1	1
10368	1	1
10369	0	0
10370	1	1
10371	1	1
10372	0	0
10373	1	1
10374	0	0
10375	1	1
10376	1	1
10377	1	0
10378	1	1
10379	1	1
10380	0	0
10381	1	0
10382	1	1
10383	0	1
10384	1	0
10385	1	1
10386	0	0
10387	1	1
10388	0	0
10389	1	1
10390	1	1
10391	1	0
10392	1	1
10393	0	1
10394	0	1
10395	0	0
10396	1	1
10397	1	1
10398	1	1
10399	1	1
10400	0	0
10401	0	0
10402	1	1
10403	0	0
10404	0	0
10405	1	1
10406	0	0
10407	1	1
10408	1	1
10409	1	1
10410	1	1
10411	0	0
10412	1	1
10413	1	0
10414	1	1
10415	0	0
10416	1	1
10417	1	1
10418	0	0
10419	1	1
10420	1	1
10421	0	0
10422	0	1
10423	1	1
10424	0	0
10425	0	0
10426	1	1
10427	1	1
10428	1	1
10429	1	1
10430	0	0
10431	0	0
10432	1	1
10433	0	0
10434	1	1
10435	1	1
10436	1	1
10437	0	0
10438	1	1
10439	0	0
10440	1	1
10441	1	0
10442	0	0
10443	0	0
10444	1	1
10445	0	0
10446	1	1
10447	1	1
10448	0	0
10449	1	1
10450	1	1
10451	0	1
10452	1	1
10453	0	0
10454	1	1
10455	0	1
10456	1	0
10457	0	0
10458	1	1
10459	1	1
10460	1	1
10461	0	0
10462	1	1
10463	1	1
10464	1	1
10465	0	0
10466	0	0
10467	1	1
10468	1	1
10469	1	1
10470	0	0
10471	1	0
10472	1	1
10473	1	0
10474	1	1
10475	0	0
10476	1	1
10477	1	0
10478	0	1
10479	1	1
10480	1	0
10481	0	0
10482	1	1
10483	1	0
10484	1	1
10485	0	0
10486	0	0
10487	1	1
10488	0	0
10489	0	1
10490	1	1
10491	1	0
10492	1	1
10493	1	1
10494	1	0
10495	1	1
10496	0	0
10497	0	0
10498	0	0
10499	0	0
10500	1	1
10501	1	0
10502	1	0
10503	1	1
10504	1	1
10505	0	1
10506	1	1
10507	0	1
10508	1	1
10509	0	0
10510	1	0
10511	0	1
10512	1	1
10513	1	1
10514	1	1
10515	0	0
10516	1	0
10517	0	0
10518	1	1
10519	1	0
10520	1	1
10521	0	0
10522	1	1
10523	1	1
10524	0	0
10525	1	1
10526	0	0
10527	1	1
